feature,semantic_type,dictionary_data_type,feature_description,missing_percent,unique_values,level1_findings,category_inconsistency,level1_status,decision_rule,decision_reason,baseline_action,level2_followup
encounter_id,IDENTIFIER,integer,Unique identifier associated with a patient unit stay,0.0,91713,NO_SPECIAL_FINDING,,DROP,02_PURE_IDENTIFIER,PURE_IDENTIFIER,REMOVE,NONE
patient_id,IDENTIFIER,integer,Unique identifier associated with a patient,0.0,91713,NO_SPECIAL_FINDING,,DROP,02_PURE_IDENTIFIER,PURE_IDENTIFIER,REMOVE,NONE
hospital_id,IDENTIFIER,integer,Unique identifier associated with a hospital,0.0,147,NO_SPECIAL_FINDING,,INVESTIGATE,03_SITE_IDENTIFIER,SITE_OR_UNIT_IDENTIFIER,KEEP_OUT_OF_BASELINE_UNTIL_REVIEWED,SITE_EFFECT_AND_GENERALIZATION
hospital_death,TARGET,binary,Whether the patient died during this hospitalization,0.0,2,NO_SPECIAL_FINDING,,TARGET,01_TARGET,TARGET_VARIABLE,TARGET_ONLY,IMBALANCE_AWARE_MODEL_EVALUATION
age,CONTINUOUS,numeric,The age of the patient on unit admission,4.61,74,A1_NOTICEABLE_SKEWNESS,,KEEP_FOR_NOW,15_NUMERIC_DEFAULT,NO_LEVEL1_REASON_TO_REMOVE,NUMERIC_BASELINE_IMPUTATION,TARGET_RELATIONSHIP
bmi,CONTINUOUS,string,The body mass index of the person on unit admission,3.74,34888,A1_HIGH_SKEWNESS | DICTIONARY_ANALYTICAL_TYPE_MISMATCH,,KEEP_FOR_NOW,15_NUMERIC_DEFAULT,NO_LEVEL1_REASON_TO_REMOVE,NUMERIC_BASELINE_IMPUTATION,TARGET_RELATIONSHIP
elective_surgery,BINARY,binary,Whether the patient was admitted to the hospital for an elective surgical operation,0.0,2,A1_LOW_UNIQUE_VALUES,,KEEP_FOR_NOW,13_BINARY_DEFAULT,VALID_BINARY_FEATURE,KEEP_RAW,TARGET_RELATIONSHIP
ethnicity,CATEGORICAL,string,The common national or cultural tradition which the person belongs to,1.52,6,B4_HAS_RARE_CATEGORIES,,KEEP_FOR_NOW,14_CATEGORICAL_DEFAULT,NO_LEVEL1_REASON_TO_REMOVE,MODE_IMPUTATION_THEN_ENCODE,TARGET_RELATIONSHIP
gender,CATEGORICAL,string,The genotypical sex of the patient,0.03,2,NO_SPECIAL_FINDING,,KEEP_FOR_NOW,14_CATEGORICAL_DEFAULT,NO_LEVEL1_REASON_TO_REMOVE,MODE_IMPUTATION_THEN_ENCODE,TARGET_RELATIONSHIP
height,CONTINUOUS,numeric,The height of the person on unit admission,1.45,401,NO_SPECIAL_FINDING,,KEEP_FOR_NOW,15_NUMERIC_DEFAULT,NO_LEVEL1_REASON_TO_REMOVE,NUMERIC_BASELINE_IMPUTATION,TARGET_RELATIONSHIP
hospital_admit_source,CATEGORICAL,string,The location of the patient prior to being admitted to the hospital,23.34,15,B1_MODERATE_CARDINALITY | B4_HAS_RARE_CATEGORIES,,KEEP_FOR_NOW,14_CATEGORICAL_DEFAULT,NO_LEVEL1_REASON_TO_REMOVE,ADD_UNKNOWN_CATEGORY_THEN_ENCODE,TARGET_RELATIONSHIP
icu_admit_source,CATEGORICAL,string,The location of the patient prior to being admitted to the unit,0.12,5,B4_HAS_RARE_CATEGORIES,,KEEP_FOR_NOW,14_CATEGORICAL_DEFAULT,NO_LEVEL1_REASON_TO_REMOVE,MODE_IMPUTATION_THEN_ENCODE,TARGET_RELATIONSHIP
icu_id,IDENTIFIER,integer,A unique identifier for the unit to which the patient was admitted,0.0,241,NO_SPECIAL_FINDING,,INVESTIGATE,03_SITE_IDENTIFIER,SITE_OR_UNIT_IDENTIFIER,KEEP_OUT_OF_BASELINE_UNTIL_REVIEWED,SITE_EFFECT_AND_GENERALIZATION
icu_stay_type,CATEGORICAL,string,,0.0,3,B3_VERY_HIGH_CATEGORY_DOMINANCE | B4_HAS_RARE_CATEGORIES,,KEEP_FOR_NOW,14_CATEGORICAL_DEFAULT,NO_LEVEL1_REASON_TO_REMOVE,ENCODE_LATER,TARGET_RELATIONSHIP
icu_type,CATEGORICAL,string,A classification which indicates the type of care the unit is capable of providing,0.0,8,NO_SPECIAL_FINDING,,KEEP_FOR_NOW,14_CATEGORICAL_DEFAULT,NO_LEVEL1_REASON_TO_REMOVE,ENCODE_LATER,TARGET_RELATIONSHIP
pre_icu_los_days,CONTINUOUS,numeric,The length of stay of the patient between hospital admission and unit admission,0.0,9757,A1_LARGE_MEAN_MEDIAN_DIFFERENCE | A1_VERY_HIGH_SKEWNESS | A2_HIGH_OUTLIER_PREVALENCE | A3_HAS_NEGATIVE_VALUES | A3_HAS_ZERO_VALUES | REPEATED_A1_A2_A3_FOLLOWUP,,INVESTIGATE,06_SPECIAL_SEMANTIC_INVESTIGATION,REPEATED_UNUSUAL_BEHAVIOR_ACROSS_LEVEL1,KEEP_RAW_UNTIL_RESOLVED,VERIFY_FEATURE_DEFINITION_AND_TARGET_RELATIONSHIP
readmission_status,BINARY,binary,Whether the current unit stay is the second (or greater) stay at an ICU within the same hospitalization,0.0,1,CONSTANT_FEATURE | A1_LOW_UNIQUE_VALUES | A4_EXTREME_VALUE_DOMINANCE,,DROP,04_CONSTANT,CONSTANT_FEATURE,REMOVE,NONE
weight,CONTINUOUS,numeric,The weight (body mass) of the person on unit admission,2.97,3409,A1_HIGH_SKEWNESS,,KEEP_FOR_NOW,15_NUMERIC_DEFAULT,NO_LEVEL1_REASON_TO_REMOVE,NUMERIC_BASELINE_IMPUTATION,TARGET_RELATIONSHIP
albumin_apache,CONTINUOUS,numeric,The albumin concentration measured during the first 24 hours which results in the highest APACHE III score,59.29,35,HIGH_MISSINGNESS,,KEEP_FOR_NOW,09_HIGH_MISSINGNESS_IMPUTABLE,MISSINGNESS_50_TO_80_WITH_BASELINE_IMPUTATION,NUMERIC_BASELINE_IMPUTATION,TARGET_RELATIONSHIP_AND_REASSESS_MISSINGNESS
apache_2_diagnosis,CATEGORICAL_CODE,string,The APACHE II diagnosis for the ICU admission,1.81,44,A1_LARGE_MEAN_MEDIAN_DIFFERENCE | A1_NOTICEABLE_SKEWNESS | NUMERIC_CATEGORICAL_CODE,,KEEP_FOR_NOW,11_CATEGORICAL_CODE,NUMERIC_STORAGE_WITH_CATEGORICAL_SEMANTICS,KEEP_RAW_UNTIL_ENCODING_STRATEGY_DEFINED,TARGET_RELATIONSHIP_AND_ENCODING_REVIEW
apache_3j_diagnosis,CATEGORICAL_CODE,string,The APACHE III-J sub-diagnosis code which best describes the reason for the ICU admission,1.2,399,A1_LARGE_MEAN_MEDIAN_DIFFERENCE | A1_HIGH_SKEWNESS | NUMERIC_CATEGORICAL_CODE,,KEEP_FOR_NOW,11_CATEGORICAL_CODE,NUMERIC_STORAGE_WITH_CATEGORICAL_SEMANTICS,KEEP_RAW_UNTIL_ENCODING_STRATEGY_DEFINED,TARGET_RELATIONSHIP_AND_ENCODING_REVIEW
apache_post_operative,BINARY,binary,"The APACHE operative status; 1 for post-operative, 0 for non-operative",0.0,2,A1_LOW_UNIQUE_VALUES,,KEEP_FOR_NOW,13_BINARY_DEFAULT,VALID_BINARY_FEATURE,KEEP_RAW,TARGET_RELATIONSHIP
arf_apache,BINARY,binary,"Whether the patient had acute renal failure during the first 24 hours of their unit stay, defined as a 24 hour urine output <410ml, creatinine >=133 micromol/L and no chronic dialysis",0.78,2,A1_LOW_UNIQUE_VALUES | A4_HIGH_VALUE_DOMINANCE,,KEEP_FOR_NOW,13_BINARY_DEFAULT,VALID_BINARY_FEATURE,NUMERIC_BASELINE_IMPUTATION,TARGET_RELATIONSHIP
bilirubin_apache,CONTINUOUS,numeric,The bilirubin concentration measured during the first 24 hours which results in the highest APACHE III score,63.39,362,HIGH_MISSINGNESS | A1_LARGE_MEAN_MEDIAN_DIFFERENCE | A1_VERY_HIGH_SKEWNESS | A2_NOTICEABLE_OUTLIERS,,KEEP_FOR_NOW,09_HIGH_MISSINGNESS_IMPUTABLE,MISSINGNESS_50_TO_80_WITH_BASELINE_IMPUTATION,NUMERIC_BASELINE_IMPUTATION,TARGET_RELATIONSHIP_AND_REASSESS_MISSINGNESS
bun_apache,CONTINUOUS,numeric,The blood urea nitrogen concentration measured during the first 24 hours which results in the highest APACHE III score,21.0,476,A1_LARGE_MEAN_MEDIAN_DIFFERENCE | A1_VERY_HIGH_SKEWNESS | A2_NOTICEABLE_OUTLIERS,,KEEP_FOR_NOW,15_NUMERIC_DEFAULT,NO_LEVEL1_REASON_TO_REMOVE,NUMERIC_BASELINE_IMPUTATION,TARGET_RELATIONSHIP
creatinine_apache,CONTINUOUS,numeric,The creatinine concentration measured during the first 24 hours which results in the highest APACHE III score,20.56,1127,A1_LARGE_MEAN_MEDIAN_DIFFERENCE | A1_VERY_HIGH_SKEWNESS | A2_HIGH_OUTLIER_PREVALENCE,,KEEP_FOR_NOW,15_NUMERIC_DEFAULT,NO_LEVEL1_REASON_TO_REMOVE,NUMERIC_BASELINE_IMPUTATION,TARGET_RELATIONSHIP
fio2_apache,CONTINUOUS,numeric,The fraction of inspired oxygen from the arterial blood gas taken during the first 24 hours of unit admission which produces the highest APACHE III score for oxygenation,77.27,82,HIGH_MISSINGNESS | A1_NOTICEABLE_MEAN_MEDIAN_DIFFERENCE,,KEEP_FOR_NOW,09_HIGH_MISSINGNESS_IMPUTABLE,MISSINGNESS_50_TO_80_WITH_BASELINE_IMPUTATION,NUMERIC_BASELINE_IMPUTATION,TARGET_RELATIONSHIP_AND_REASSESS_MISSINGNESS
gcs_eyes_apache,ORDINAL,integer,The eye opening component of the Glasgow Coma Scale measured during the first 24 hours which results in the highest APACHE III score,2.07,4,A1_LOW_UNIQUE_VALUES,,KEEP_FOR_NOW,12_ORDINAL,ORDERED_CLINICAL_FEATURE,NUMERIC_IMPUTATION_KEEP_ORDER,TARGET_RELATIONSHIP
gcs_motor_apache,ORDINAL,integer,The motor component of the Glasgow Coma Scale measured during the first 24 hours which results in the highest APACHE III score,2.07,6,A1_LOW_UNIQUE_VALUES,,KEEP_FOR_NOW,12_ORDINAL,ORDERED_CLINICAL_FEATURE,NUMERIC_IMPUTATION_KEEP_ORDER,TARGET_RELATIONSHIP
gcs_unable_apache,BINARY,binary,Whether the Glasgow Coma Scale was unable to be assessed due to patient sedation,1.13,2,A1_LOW_UNIQUE_VALUES | A4_EXTREME_VALUE_DOMINANCE,,KEEP_FOR_NOW,13_RARE_BINARY,RARE_BINARY_CLINICAL_INDICATOR,NUMERIC_BASELINE_IMPUTATION,POSITIVE_CLASS_VS_TARGET
gcs_verbal_apache,ORDINAL,integer,The verbal component of the Glasgow Coma Scale measured during the first 24 hours which results in the highest APACHE III score,2.07,5,A1_LOW_UNIQUE_VALUES,,KEEP_FOR_NOW,12_ORDINAL,ORDERED_CLINICAL_FEATURE,NUMERIC_IMPUTATION_KEEP_ORDER,TARGET_RELATIONSHIP
glucose_apache,CONTINUOUS,numeric,The glucose concentration measured during the first 24 hours which results in the highest APACHE III score,12.03,565,A1_NOTICEABLE_MEAN_MEDIAN_DIFFERENCE | A1_HIGH_SKEWNESS,,KEEP_FOR_NOW,15_NUMERIC_DEFAULT,NO_LEVEL1_REASON_TO_REMOVE,NUMERIC_BASELINE_IMPUTATION,TARGET_RELATIONSHIP
heart_rate_apache,CONTINUOUS,numeric,The heart rate measured during the first 24 hours which results in the highest APACHE III score,0.96,149,NO_SPECIAL_FINDING,,KEEP_FOR_NOW,15_NUMERIC_DEFAULT,NO_LEVEL1_REASON_TO_REMOVE,NUMERIC_BASELINE_IMPUTATION,TARGET_RELATIONSHIP
hematocrit_apache,CONTINUOUS,numeric,The hematocrit measured during the first 24 hours which results in the highest APACHE III score,21.67,353,NO_SPECIAL_FINDING,,KEEP_FOR_NOW,15_NUMERIC_DEFAULT,NO_LEVEL1_REASON_TO_REMOVE,NUMERIC_BASELINE_IMPUTATION,TARGET_RELATIONSHIP
intubated_apache,BINARY,binary,Whether the patient was intubated at the time of the highest scoring arterial blood gas used in the oxygenation score,0.78,2,A1_LOW_UNIQUE_VALUES,,KEEP_FOR_NOW,13_BINARY_DEFAULT,VALID_BINARY_FEATURE,NUMERIC_BASELINE_IMPUTATION,TARGET_RELATIONSHIP
map_apache,CONTINUOUS,numeric,The mean arterial pressure measured during the first 24 hours which results in the highest APACHE III score,1.08,161,A1_LARGE_MEAN_MEDIAN_DIFFERENCE | A1_NOTICEABLE_SKEWNESS,,KEEP_FOR_NOW,15_NUMERIC_DEFAULT,NO_LEVEL1_REASON_TO_REMOVE,NUMERIC_BASELINE_IMPUTATION,TARGET_RELATIONSHIP
paco2_apache,CONTINUOUS,numeric,The partial pressure of carbon dioxide from the arterial blood gas taken during the first 24 hours of unit admission which produces the highest APACHE III score for oxygenation,77.27,704,HIGH_MISSINGNESS | A1_HIGH_SKEWNESS | A2_NOTICEABLE_OUTLIERS,,KEEP_FOR_NOW,09_HIGH_MISSINGNESS_IMPUTABLE,MISSINGNESS_50_TO_80_WITH_BASELINE_IMPUTATION,NUMERIC_BASELINE_IMPUTATION,TARGET_RELATIONSHIP_AND_REASSESS_MISSINGNESS
paco2_for_ph_apache,CONTINUOUS,numeric,The partial pressure of carbon dioxide from the arterial blood gas taken during the first 24 hours of unit admission which produces the highest APACHE III score for acid-base disturbance,77.27,704,HIGH_MISSINGNESS | A1_HIGH_SKEWNESS | A2_NOTICEABLE_OUTLIERS,,KEEP_FOR_NOW,09_HIGH_MISSINGNESS_IMPUTABLE,MISSINGNESS_50_TO_80_WITH_BASELINE_IMPUTATION,NUMERIC_BASELINE_IMPUTATION,TARGET_RELATIONSHIP_AND_REASSESS_MISSINGNESS
pao2_apache,CONTINUOUS,numeric,The partial pressure of oxygen from the arterial blood gas taken during the first 24 hours of unit admission which produces the highest APACHE III score for oxygenation,77.27,2003,HIGH_MISSINGNESS | A1_LARGE_MEAN_MEDIAN_DIFFERENCE | A1_VERY_HIGH_SKEWNESS | A2_NOTICEABLE_OUTLIERS,,KEEP_FOR_NOW,09_HIGH_MISSINGNESS_IMPUTABLE,MISSINGNESS_50_TO_80_WITH_BASELINE_IMPUTATION,NUMERIC_BASELINE_IMPUTATION,TARGET_RELATIONSHIP_AND_REASSESS_MISSINGNESS
ph_apache,CONTINUOUS,numeric,The pH from the arterial blood gas taken during the first 24 hours of unit admission which produces the highest APACHE III score for acid-base disturbance,77.27,555,HIGH_MISSINGNESS | A1_NOTICEABLE_SKEWNESS,,KEEP_FOR_NOW,09_HIGH_MISSINGNESS_IMPUTABLE,MISSINGNESS_50_TO_80_WITH_BASELINE_IMPUTATION,NUMERIC_BASELINE_IMPUTATION,TARGET_RELATIONSHIP_AND_REASSESS_MISSINGNESS
resprate_apache,CONTINUOUS,numeric,The respiratory rate measured during the first 24 hours which results in the highest APACHE III score,1.35,74,NO_SPECIAL_FINDING,,KEEP_FOR_NOW,15_NUMERIC_DEFAULT,NO_LEVEL1_REASON_TO_REMOVE,NUMERIC_BASELINE_IMPUTATION,TARGET_RELATIONSHIP
sodium_apache,CONTINUOUS,numeric,The sodium concentration measured during the first 24 hours which results in the highest APACHE III score,20.28,119,NO_SPECIAL_FINDING,,KEEP_FOR_NOW,15_NUMERIC_DEFAULT,NO_LEVEL1_REASON_TO_REMOVE,NUMERIC_BASELINE_IMPUTATION,TARGET_RELATIONSHIP
temp_apache,CONTINUOUS,numeric,The temperature measured during the first 24 hours which results in the highest APACHE III score,4.48,191,A1_NOTICEABLE_SKEWNESS | A2_HIGH_OUTLIER_PREVALENCE,,KEEP_FOR_NOW,15_NUMERIC_DEFAULT,NO_LEVEL1_REASON_TO_REMOVE,NUMERIC_BASELINE_IMPUTATION,TARGET_RELATIONSHIP
urineoutput_apache,CONTINUOUS,numeric,The total urine output for the first 24 hours,53.43,24772,HIGH_MISSINGNESS | A1_LARGE_MEAN_MEDIAN_DIFFERENCE | A1_HIGH_SKEWNESS | A3_HAS_ZERO_VALUES,,KEEP_FOR_NOW,09_HIGH_MISSINGNESS_IMPUTABLE,MISSINGNESS_50_TO_80_WITH_BASELINE_IMPUTATION,NUMERIC_BASELINE_IMPUTATION,TARGET_RELATIONSHIP_AND_REASSESS_MISSINGNESS
ventilated_apache,BINARY,binary,"Whether the patient was invasively ventilated at the time of the highest scoring arterial blood gas using the oxygenation scoring algorithm, including any mode of positive pressure ventilation delivered through a circuit attached to an endo-tracheal tube or tracheostomy",0.78,2,A1_LOW_UNIQUE_VALUES,,KEEP_FOR_NOW,13_BINARY_DEFAULT,VALID_BINARY_FEATURE,NUMERIC_BASELINE_IMPUTATION,TARGET_RELATIONSHIP
wbc_apache,CONTINUOUS,numeric,The white blood cell count measured during the first 24 hours which results in the highest APACHE III score,24.0,3075,A1_NOTICEABLE_MEAN_MEDIAN_DIFFERENCE | A1_HIGH_SKEWNESS,,KEEP_FOR_NOW,15_NUMERIC_DEFAULT,NO_LEVEL1_REASON_TO_REMOVE,NUMERIC_BASELINE_IMPUTATION,TARGET_RELATIONSHIP
d1_diasbp_invasive_max,CONTINUOUS,numeric,"The patient's highest diastolic blood pressure during the first 24 hours of their unit stay, invasively measured",74.13,145,HIGH_MISSINGNESS | A1_HIGH_SKEWNESS,,KEEP_FOR_NOW,09_HIGH_MISSINGNESS_IMPUTABLE,MISSINGNESS_50_TO_80_WITH_BASELINE_IMPUTATION,NUMERIC_BASELINE_IMPUTATION,TARGET_RELATIONSHIP_AND_REASSESS_MISSINGNESS
d1_diasbp_invasive_min,CONTINUOUS,numeric,"The patient's lowest diastolic blood pressure during the first 24 hours of their unit stay, invasively measured",74.13,85,HIGH_MISSINGNESS,,KEEP_FOR_NOW,09_HIGH_MISSINGNESS_IMPUTABLE,MISSINGNESS_50_TO_80_WITH_BASELINE_IMPUTATION,NUMERIC_BASELINE_IMPUTATION,TARGET_RELATIONSHIP_AND_REASSESS_MISSINGNESS
d1_diasbp_max,CONTINUOUS,numeric,"The patient's highest diastolic blood pressure during the first 24 hours of their unit stay, either non-invasively or invasively measured",0.18,120,A1_NOTICEABLE_SKEWNESS,,KEEP_FOR_NOW,15_NUMERIC_DEFAULT,NO_LEVEL1_REASON_TO_REMOVE,NUMERIC_BASELINE_IMPUTATION,TARGET_RELATIONSHIP
d1_diasbp_min,CONTINUOUS,numeric,"The patient's lowest diastolic blood pressure during the first 24 hours of their unit stay, either non-invasively or invasively measured",0.18,78,NO_SPECIAL_FINDING,,KEEP_FOR_NOW,15_NUMERIC_DEFAULT,NO_LEVEL1_REASON_TO_REMOVE,NUMERIC_BASELINE_IMPUTATION,TARGET_RELATIONSHIP
d1_diasbp_noninvasive_max,CONTINUOUS,numeric,"The patient's highest diastolic blood pressure during the first 24 hours of their unit stay, non-invasively measured",1.13,120,A1_NOTICEABLE_SKEWNESS,,KEEP_FOR_NOW,15_NUMERIC_DEFAULT,NO_LEVEL1_REASON_TO_REMOVE,NUMERIC_BASELINE_IMPUTATION,TARGET_RELATIONSHIP
d1_diasbp_noninvasive_min,CONTINUOUS,numeric,"The patient's lowest diastolic blood pressure during the first 24 hours of their unit stay, non-invasively measured",1.13,78,NO_SPECIAL_FINDING,,KEEP_FOR_NOW,15_NUMERIC_DEFAULT,NO_LEVEL1_REASON_TO_REMOVE,NUMERIC_BASELINE_IMPUTATION,TARGET_RELATIONSHIP
d1_heartrate_max,CONTINUOUS,numeric,The patient's highest heart rate during the first 24 hours of their unit stay,0.16,120,A1_NOTICEABLE_SKEWNESS,,KEEP_FOR_NOW,15_NUMERIC_DEFAULT,NO_LEVEL1_REASON_TO_REMOVE,NUMERIC_BASELINE_IMPUTATION,TARGET_RELATIONSHIP
d1_heartrate_min,CONTINUOUS,numeric,The patient's lowest heart rate during the first 24 hours of their unit stay,0.16,154,A3_HAS_ZERO_VALUES,,KEEP_FOR_NOW,10_PHYSIOLOGICAL_ZERO,ZERO_MAY_REPRESENT_CLINICAL_SIGNAL,NUMERIC_BASELINE_IMPUTATION,ZERO_VALUE_VS_TARGET_ANALYSIS
d1_mbp_invasive_max,CONTINUOUS,numeric,"The patient's highest mean blood pressure during the first 24 hours of their unit stay, invasively measured",73.9,285,HIGH_MISSINGNESS | A1_NOTICEABLE_MEAN_MEDIAN_DIFFERENCE | A1_VERY_HIGH_SKEWNESS | A2_HIGH_OUTLIER_PREVALENCE,,KEEP_FOR_NOW,09_HIGH_MISSINGNESS_IMPUTABLE,MISSINGNESS_50_TO_80_WITH_BASELINE_IMPUTATION,NUMERIC_BASELINE_IMPUTATION,TARGET_RELATIONSHIP_AND_REASSESS_MISSINGNESS
d1_mbp_invasive_min,CONTINUOUS,numeric,"The patient's lowest mean blood pressure during the first 24 hours of their unit stay, invasively measured",73.9,118,HIGH_MISSINGNESS | A2_NOTICEABLE_OUTLIERS,,KEEP_FOR_NOW,09_HIGH_MISSINGNESS_IMPUTABLE,MISSINGNESS_50_TO_80_WITH_BASELINE_IMPUTATION,NUMERIC_BASELINE_IMPUTATION,TARGET_RELATIONSHIP_AND_REASSESS_MISSINGNESS
d1_mbp_max,CONTINUOUS,numeric,"The patient's highest mean blood pressure during the first 24 hours of their unit stay, either non-invasively or invasively measured",0.24,125,A1_NOTICEABLE_SKEWNESS,,KEEP_FOR_NOW,15_NUMERIC_DEFAULT,NO_LEVEL1_REASON_TO_REMOVE,NUMERIC_BASELINE_IMPUTATION,TARGET_RELATIONSHIP
d1_mbp_min,CONTINUOUS,numeric,"The patient's lowest mean blood pressure during the first 24 hours of their unit stay, either non-invasively or invasively measured",0.24,91,NO_SPECIAL_FINDING,,KEEP_FOR_NOW,15_NUMERIC_DEFAULT,NO_LEVEL1_REASON_TO_REMOVE,NUMERIC_BASELINE_IMPUTATION,TARGET_RELATIONSHIP
d1_mbp_noninvasive_max,CONTINUOUS,numeric,"The patient's highest mean blood pressure during the first 24 hours of their unit stay, non-invasively measured",1.61,122,A1_NOTICEABLE_SKEWNESS,,KEEP_FOR_NOW,15_NUMERIC_DEFAULT,NO_LEVEL1_REASON_TO_REMOVE,NUMERIC_BASELINE_IMPUTATION,TARGET_RELATIONSHIP
d1_mbp_noninvasive_min,CONTINUOUS,numeric,"The patient's lowest mean blood pressure during the first 24 hours of their unit stay, non-invasively measured",1.61,91,NO_SPECIAL_FINDING,,KEEP_FOR_NOW,15_NUMERIC_DEFAULT,NO_LEVEL1_REASON_TO_REMOVE,NUMERIC_BASELINE_IMPUTATION,TARGET_RELATIONSHIP
d1_resprate_max,CONTINUOUS,numeric,The patient's highest respiratory rate during the first 24 hours of their unit stay,0.42,79,A1_NOTICEABLE_MEAN_MEDIAN_DIFFERENCE | A1_VERY_HIGH_SKEWNESS | A2_NOTICEABLE_OUTLIERS,,KEEP_FOR_NOW,15_NUMERIC_DEFAULT,NO_LEVEL1_REASON_TO_REMOVE,NUMERIC_BASELINE_IMPUTATION,TARGET_RELATIONSHIP
d1_resprate_min,CONTINUOUS,numeric,The patient's lowest respiratory rate during the first 24 hours of their unit stay,0.42,55,A2_NOTICEABLE_OUTLIERS | A3_HAS_ZERO_VALUES,,KEEP_FOR_NOW,10_PHYSIOLOGICAL_ZERO,ZERO_MAY_REPRESENT_CLINICAL_SIGNAL,NUMERIC_BASELINE_IMPUTATION,ZERO_VALUE_VS_TARGET_ANALYSIS
d1_spo2_max,CONTINUOUS,numeric,The patient's highest peripheral oxygen saturation during the first 24 hours of their unit stay,0.36,43,A1_VERY_HIGH_SKEWNESS | A2_HIGH_OUTLIER_PREVALENCE | A3_HAS_ZERO_VALUES,,KEEP_FOR_NOW,10_PHYSIOLOGICAL_ZERO,ZERO_MAY_REPRESENT_CLINICAL_SIGNAL,NUMERIC_BASELINE_IMPUTATION,ZERO_VALUE_VS_TARGET_ANALYSIS
d1_spo2_min,CONTINUOUS,numeric,The patient's lowest peripheral oxygen saturation during the first 24 hours of their unit stay,0.36,101,A1_VERY_HIGH_SKEWNESS | A2_NOTICEABLE_OUTLIERS | A3_HAS_ZERO_VALUES,,KEEP_FOR_NOW,10_PHYSIOLOGICAL_ZERO,ZERO_MAY_REPRESENT_CLINICAL_SIGNAL,NUMERIC_BASELINE_IMPUTATION,ZERO_VALUE_VS_TARGET_ANALYSIS
d1_sysbp_invasive_max,CONTINUOUS,numeric,"The patient's highest systolic blood pressure during the first 24 hours of their unit stay, invasively measured",74.1,225,HIGH_MISSINGNESS | A1_HIGH_SKEWNESS,,KEEP_FOR_NOW,09_HIGH_MISSINGNESS_IMPUTABLE,MISSINGNESS_50_TO_80_WITH_BASELINE_IMPUTATION,NUMERIC_BASELINE_IMPUTATION,TARGET_RELATIONSHIP_AND_REASSESS_MISSINGNESS
d1_sysbp_invasive_min,CONTINUOUS,numeric,"The patient's lowest systolic blood pressure during the first 24 hours of their unit stay, invasively measured",74.1,163,HIGH_MISSINGNESS | A2_NOTICEABLE_OUTLIERS,,KEEP_FOR_NOW,09_HIGH_MISSINGNESS_IMPUTABLE,MISSINGNESS_50_TO_80_WITH_BASELINE_IMPUTATION,NUMERIC_BASELINE_IMPUTATION,TARGET_RELATIONSHIP_AND_REASSESS_MISSINGNESS
d1_sysbp_max,CONTINUOUS,numeric,"The patient's highest systolic blood pressure during the first 24 hours of their unit stay, either non-invasively or invasively measured",0.17,143,A1_NOTICEABLE_SKEWNESS,,KEEP_FOR_NOW,15_NUMERIC_DEFAULT,NO_LEVEL1_REASON_TO_REMOVE,NUMERIC_BASELINE_IMPUTATION,TARGET_RELATIONSHIP
d1_sysbp_min,CONTINUOUS,numeric,"The patient's lowest systolic blood pressure during the first 24 hours of their unit stay, either non-invasively or invasively measured",0.17,120,NO_SPECIAL_FINDING,,KEEP_FOR_NOW,15_NUMERIC_DEFAULT,NO_LEVEL1_REASON_TO_REMOVE,NUMERIC_BASELINE_IMPUTATION,TARGET_RELATIONSHIP
d1_sysbp_noninvasive_max,CONTINUOUS,numeric,"The patient's highest systolic blood pressure during the first 24 hours of their unit stay, non-invasively measured",1.12,143,A1_NOTICEABLE_SKEWNESS,,KEEP_FOR_NOW,15_NUMERIC_DEFAULT,NO_LEVEL1_REASON_TO_REMOVE,NUMERIC_BASELINE_IMPUTATION,TARGET_RELATIONSHIP
d1_sysbp_noninvasive_min,CONTINUOUS,numeric,"The patient's lowest systolic blood pressure during the first 24 hours of their unit stay, non-invasively measured",1.12,120,NO_SPECIAL_FINDING,,KEEP_FOR_NOW,15_NUMERIC_DEFAULT,NO_LEVEL1_REASON_TO_REMOVE,NUMERIC_BASELINE_IMPUTATION,TARGET_RELATIONSHIP
d1_temp_max,CONTINUOUS,numeric,"The patient's highest core temperature during the first 24 hours of their unit stay, invasively measured",2.53,186,A1_NOTICEABLE_SKEWNESS | A2_NOTICEABLE_OUTLIERS,,KEEP_FOR_NOW,15_NUMERIC_DEFAULT,NO_LEVEL1_REASON_TO_REMOVE,NUMERIC_BASELINE_IMPUTATION,TARGET_RELATIONSHIP
d1_temp_min,CONTINUOUS,numeric,The patient's lowest core temperature during the first 24 hours of their unit stay,2.53,209,A1_VERY_HIGH_SKEWNESS | A2_NOTICEABLE_OUTLIERS,,KEEP_FOR_NOW,15_NUMERIC_DEFAULT,NO_LEVEL1_REASON_TO_REMOVE,NUMERIC_BASELINE_IMPUTATION,TARGET_RELATIONSHIP
h1_diasbp_invasive_max,CONTINUOUS,numeric,"The patient's highest diastolic blood pressure during the first hour of their unit stay, invasively measured",81.7,103,EXTREME_MISSINGNESS | A1_NOTICEABLE_SKEWNESS,,DROP_BASELINE,07_EXTREME_MISSINGNESS,MISSINGNESS_GE_80_PERCENT,REMOVE_FROM_BASELINE,OPTIONAL_REVISIT_AFTER_BASELINE
h1_diasbp_invasive_min,CONTINUOUS,numeric,"The patient's lowest diastolic blood pressure during the first hour of their unit stay, invasively measured",81.7,86,EXTREME_MISSINGNESS,,DROP_BASELINE,07_EXTREME_MISSINGNESS,MISSINGNESS_GE_80_PERCENT,REMOVE_FROM_BASELINE,OPTIONAL_REVISIT_AFTER_BASELINE
h1_diasbp_max,CONTINUOUS,numeric,"The patient's highest diastolic blood pressure during the first hour of their unit stay, either non-invasively or invasively measured",3.95,107,A1_NOTICEABLE_SKEWNESS,,KEEP_FOR_NOW,15_NUMERIC_DEFAULT,NO_LEVEL1_REASON_TO_REMOVE,NUMERIC_BASELINE_IMPUTATION,TARGET_RELATIONSHIP
h1_diasbp_min,CONTINUOUS,numeric,"The patient's lowest diastolic blood pressure during the first hour of their unit stay, either non-invasively or invasively measured",3.95,92,NO_SPECIAL_FINDING,,KEEP_FOR_NOW,15_NUMERIC_DEFAULT,NO_LEVEL1_REASON_TO_REMOVE,NUMERIC_BASELINE_IMPUTATION,TARGET_RELATIONSHIP
h1_diasbp_noninvasive_max,CONTINUOUS,numeric,"The patient's highest diastolic blood pressure during the first hour of their unit stay, non-invasively measured",8.01,108,A1_NOTICEABLE_SKEWNESS,,KEEP_FOR_NOW,15_NUMERIC_DEFAULT,NO_LEVEL1_REASON_TO_REMOVE,NUMERIC_BASELINE_IMPUTATION,TARGET_RELATIONSHIP
h1_diasbp_noninvasive_min,CONTINUOUS,numeric,"The patient's lowest diastolic blood pressure during the first hour of their unit stay, non-invasively measured",8.01,93,NO_SPECIAL_FINDING,,KEEP_FOR_NOW,15_NUMERIC_DEFAULT,NO_LEVEL1_REASON_TO_REMOVE,NUMERIC_BASELINE_IMPUTATION,TARGET_RELATIONSHIP
h1_heartrate_max,CONTINUOUS,numeric,The patient's highest heart rate during the first hour of their unit stay,3.04,119,A1_NOTICEABLE_SKEWNESS,,KEEP_FOR_NOW,15_NUMERIC_DEFAULT,NO_LEVEL1_REASON_TO_REMOVE,NUMERIC_BASELINE_IMPUTATION,TARGET_RELATIONSHIP
h1_heartrate_min,CONTINUOUS,numeric,The patient's lowest heart rate during the first hour of their unit stay,3.04,109,NO_SPECIAL_FINDING,,KEEP_FOR_NOW,15_NUMERIC_DEFAULT,NO_LEVEL1_REASON_TO_REMOVE,NUMERIC_BASELINE_IMPUTATION,TARGET_RELATIONSHIP
h1_mbp_invasive_max,CONTINUOUS,numeric,"The patient's highest mean blood pressure during the first hour of their unit stay, invasively measured",81.61,247,EXTREME_MISSINGNESS | A1_VERY_HIGH_SKEWNESS,,DROP_BASELINE,07_EXTREME_MISSINGNESS,MISSINGNESS_GE_80_PERCENT,REMOVE_FROM_BASELINE,OPTIONAL_REVISIT_AFTER_BASELINE
h1_mbp_invasive_min,CONTINUOUS,numeric,"The patient's lowest mean blood pressure during the first hour of their unit stay, invasively measured",81.61,133,EXTREME_MISSINGNESS,,DROP_BASELINE,07_EXTREME_MISSINGNESS,MISSINGNESS_GE_80_PERCENT,REMOVE_FROM_BASELINE,OPTIONAL_REVISIT_AFTER_BASELINE
h1_mbp_max,CONTINUOUS,numeric,"The patient's highest mean blood pressure during the first hour of their unit stay, either non-invasively or invasively measured",5.06,117,A1_NOTICEABLE_SKEWNESS,,KEEP_FOR_NOW,15_NUMERIC_DEFAULT,NO_LEVEL1_REASON_TO_REMOVE,NUMERIC_BASELINE_IMPUTATION,TARGET_RELATIONSHIP
h1_mbp_min,CONTINUOUS,numeric,"The patient's lowest mean blood pressure during the first hour of their unit stay, either non-invasively or invasively measured",5.06,107,NO_SPECIAL_FINDING,,KEEP_FOR_NOW,15_NUMERIC_DEFAULT,NO_LEVEL1_REASON_TO_REMOVE,NUMERIC_BASELINE_IMPUTATION,TARGET_RELATIONSHIP
h1_mbp_noninvasive_max,CONTINUOUS,numeric,"The patient's highest mean blood pressure during the first hour of their unit stay, non-invasively measured",9.9,115,A1_NOTICEABLE_SKEWNESS,,KEEP_FOR_NOW,15_NUMERIC_DEFAULT,NO_LEVEL1_REASON_TO_REMOVE,NUMERIC_BASELINE_IMPUTATION,TARGET_RELATIONSHIP
h1_mbp_noninvasive_min,CONTINUOUS,numeric,"The patient's lowest mean blood pressure during the first hour of their unit stay, non-invasively measured",9.9,107,NO_SPECIAL_FINDING,,KEEP_FOR_NOW,15_NUMERIC_DEFAULT,NO_LEVEL1_REASON_TO_REMOVE,NUMERIC_BASELINE_IMPUTATION,TARGET_RELATIONSHIP
h1_resprate_max,CONTINUOUS,numeric,The patient's highest respiratory rate during the first hour of their unit stay,4.75,50,A1_HIGH_SKEWNESS,,KEEP_FOR_NOW,15_NUMERIC_DEFAULT,NO_LEVEL1_REASON_TO_REMOVE,NUMERIC_BASELINE_IMPUTATION,TARGET_RELATIONSHIP
h1_resprate_min,CONTINUOUS,numeric,The patient's lowest respiratory rate during the first hour of their unit stay,4.75,91,A1_HIGH_SKEWNESS | A3_HAS_ZERO_VALUES,,KEEP_FOR_NOW,10_PHYSIOLOGICAL_ZERO,ZERO_MAY_REPRESENT_CLINICAL_SIGNAL,NUMERIC_BASELINE_IMPUTATION,ZERO_VALUE_VS_TARGET_ANALYSIS
h1_spo2_max,CONTINUOUS,numeric,The patient's highest peripheral oxygen saturation during the first hour of their unit stay,4.56,72,A1_VERY_HIGH_SKEWNESS | A3_HAS_ZERO_VALUES,,KEEP_FOR_NOW,10_PHYSIOLOGICAL_ZERO,ZERO_MAY_REPRESENT_CLINICAL_SIGNAL,NUMERIC_BASELINE_IMPUTATION,ZERO_VALUE_VS_TARGET_ANALYSIS
h1_spo2_min,CONTINUOUS,numeric,The patient's lowest peripheral oxygen saturation during the first hour of their unit stay,4.56,100,A1_VERY_HIGH_SKEWNESS | A3_HAS_ZERO_VALUES,,KEEP_FOR_NOW,10_PHYSIOLOGICAL_ZERO,ZERO_MAY_REPRESENT_CLINICAL_SIGNAL,NUMERIC_BASELINE_IMPUTATION,ZERO_VALUE_VS_TARGET_ANALYSIS
h1_sysbp_invasive_max,CONTINUOUS,numeric,"The patient's highest systolic blood pressure during the first hour of their unit stay, invasively measured",81.68,181,EXTREME_MISSINGNESS | A1_NOTICEABLE_SKEWNESS,,DROP_BASELINE,07_EXTREME_MISSINGNESS,MISSINGNESS_GE_80_PERCENT,REMOVE_FROM_BASELINE,OPTIONAL_REVISIT_AFTER_BASELINE
h1_sysbp_invasive_min,CONTINUOUS,numeric,"The patient's lowest systolic blood pressure during the first hour of their unit stay, invasively measured",81.68,168,EXTREME_MISSINGNESS,,DROP_BASELINE,07_EXTREME_MISSINGNESS,MISSINGNESS_GE_80_PERCENT,REMOVE_FROM_BASELINE,OPTIONAL_REVISIT_AFTER_BASELINE
h1_sysbp_max,CONTINUOUS,numeric,"The patient's highest systolic blood pressure during the first hour of their unit stay, either non-invasively or invasively measured",3.94,149,A1_NOTICEABLE_SKEWNESS,,KEEP_FOR_NOW,15_NUMERIC_DEFAULT,NO_LEVEL1_REASON_TO_REMOVE,NUMERIC_BASELINE_IMPUTATION,TARGET_RELATIONSHIP
h1_sysbp_min,CONTINUOUS,numeric,"The patient's lowest systolic blood pressure during the first hour of their unit stay, either non-invasively or invasively measured",3.94,142,NO_SPECIAL_FINDING,,KEEP_FOR_NOW,15_NUMERIC_DEFAULT,NO_LEVEL1_REASON_TO_REMOVE,NUMERIC_BASELINE_IMPUTATION,TARGET_RELATIONSHIP
h1_sysbp_noninvasive_max,CONTINUOUS,numeric,"The patient's highest systolic blood pressure during the first hour of their unit stay, non-invasively measured",8.0,149,A1_NOTICEABLE_SKEWNESS,,KEEP_FOR_NOW,15_NUMERIC_DEFAULT,NO_LEVEL1_REASON_TO_REMOVE,NUMERIC_BASELINE_IMPUTATION,TARGET_RELATIONSHIP
h1_sysbp_noninvasive_min,CONTINUOUS,numeric,"The patient's lowest systolic blood pressure during the first hour of their unit stay, non-invasively measured",8.0,143,NO_SPECIAL_FINDING,,KEEP_FOR_NOW,15_NUMERIC_DEFAULT,NO_LEVEL1_REASON_TO_REMOVE,NUMERIC_BASELINE_IMPUTATION,TARGET_RELATIONSHIP
h1_temp_max,CONTINUOUS,numeric,"The patient's highest core temperature during the first hour of their unit stay, invasively measured",23.7,294,A2_NOTICEABLE_OUTLIERS,,KEEP_FOR_NOW,15_NUMERIC_DEFAULT,NO_LEVEL1_REASON_TO_REMOVE,NUMERIC_BASELINE_IMPUTATION,TARGET_RELATIONSHIP
h1_temp_min,CONTINUOUS,numeric,The patient's lowest core temperature during the first hour of their unit stay,23.7,303,A1_NOTICEABLE_SKEWNESS | A2_NOTICEABLE_OUTLIERS,,KEEP_FOR_NOW,15_NUMERIC_DEFAULT,NO_LEVEL1_REASON_TO_REMOVE,NUMERIC_BASELINE_IMPUTATION,TARGET_RELATIONSHIP
d1_albumin_max,CONTINUOUS,numeric,The lowest albumin concentration of the patient in their serum during the first 24 hours of their unit stay,53.53,35,HIGH_MISSINGNESS,,KEEP_FOR_NOW,09_HIGH_MISSINGNESS_IMPUTABLE,MISSINGNESS_50_TO_80_WITH_BASELINE_IMPUTATION,NUMERIC_BASELINE_IMPUTATION,TARGET_RELATIONSHIP_AND_REASSESS_MISSINGNESS
d1_albumin_min,CONTINUOUS,numeric,The lowest albumin concentration of the patient in their serum during the first 24 hours of their unit stay,53.53,35,HIGH_MISSINGNESS,,KEEP_FOR_NOW,09_HIGH_MISSINGNESS_IMPUTABLE,MISSINGNESS_50_TO_80_WITH_BASELINE_IMPUTATION,NUMERIC_BASELINE_IMPUTATION,TARGET_RELATIONSHIP_AND_REASSESS_MISSINGNESS
d1_bilirubin_max,CONTINUOUS,numeric,The highest bilirubin concentration of the patient in their serum or plasma during the first 24 hours of their unit stay,58.52,374,HIGH_MISSINGNESS | A1_LARGE_MEAN_MEDIAN_DIFFERENCE | A1_VERY_HIGH_SKEWNESS | A2_NOTICEABLE_OUTLIERS,,KEEP_FOR_NOW,09_HIGH_MISSINGNESS_IMPUTABLE,MISSINGNESS_50_TO_80_WITH_BASELINE_IMPUTATION,NUMERIC_BASELINE_IMPUTATION,TARGET_RELATIONSHIP_AND_REASSESS_MISSINGNESS
d1_bilirubin_min,CONTINUOUS,numeric,The lowest bilirubin concentration of the patient in their serum or plasma during the first 24 hours of their unit stay,58.52,357,HIGH_MISSINGNESS | A1_LARGE_MEAN_MEDIAN_DIFFERENCE | A1_VERY_HIGH_SKEWNESS | A2_NOTICEABLE_OUTLIERS,,KEEP_FOR_NOW,09_HIGH_MISSINGNESS_IMPUTABLE,MISSINGNESS_50_TO_80_WITH_BASELINE_IMPUTATION,NUMERIC_BASELINE_IMPUTATION,TARGET_RELATIONSHIP_AND_REASSESS_MISSINGNESS
d1_bun_max,CONTINUOUS,numeric,The highest blood urea nitrogen concentration of the patient in their serum or plasma during the first 24 hours of their unit stay,11.46,495,A1_LARGE_MEAN_MEDIAN_DIFFERENCE | A1_VERY_HIGH_SKEWNESS | A2_NOTICEABLE_OUTLIERS,,KEEP_FOR_NOW,15_NUMERIC_DEFAULT,NO_LEVEL1_REASON_TO_REMOVE,NUMERIC_BASELINE_IMPUTATION,TARGET_RELATIONSHIP
d1_bun_min,CONTINUOUS,numeric,The lowest blood urea nitrogen concentration of the patient in their serum or plasma during the first 24 hours of their unit stay,11.46,472,A1_LARGE_MEAN_MEDIAN_DIFFERENCE | A1_VERY_HIGH_SKEWNESS | A2_NOTICEABLE_OUTLIERS,,KEEP_FOR_NOW,15_NUMERIC_DEFAULT,NO_LEVEL1_REASON_TO_REMOVE,NUMERIC_BASELINE_IMPUTATION,TARGET_RELATIONSHIP
d1_calcium_max,CONTINUOUS,numeric,The highest calcium concentration of the patient in their serum during the first 24 hours of their unit stay,14.25,47,NO_SPECIAL_FINDING,,KEEP_FOR_NOW,15_NUMERIC_DEFAULT,NO_LEVEL1_REASON_TO_REMOVE,NUMERIC_BASELINE_IMPUTATION,TARGET_RELATIONSHIP
d1_calcium_min,CONTINUOUS,numeric,The lowest calcium concentration of the patient in their serum during the first 24 hours of their unit stay,14.25,49,NO_SPECIAL_FINDING,,KEEP_FOR_NOW,15_NUMERIC_DEFAULT,NO_LEVEL1_REASON_TO_REMOVE,NUMERIC_BASELINE_IMPUTATION,TARGET_RELATIONSHIP
d1_creatinine_max,CONTINUOUS,numeric,The highest creatinine concentration of the patient in their serum or plasma during the first 24 hours of their unit stay,11.09,1187,A1_LARGE_MEAN_MEDIAN_DIFFERENCE | A1_VERY_HIGH_SKEWNESS | A2_HIGH_OUTLIER_PREVALENCE,,KEEP_FOR_NOW,15_NUMERIC_DEFAULT,NO_LEVEL1_REASON_TO_REMOVE,NUMERIC_BASELINE_IMPUTATION,TARGET_RELATIONSHIP
d1_creatinine_min,CONTINUOUS,numeric,The lowest creatinine concentration of the patient in their serum or plasma during the first 24 hours of their unit stay,11.09,1093,A1_LARGE_MEAN_MEDIAN_DIFFERENCE | A1_VERY_HIGH_SKEWNESS | A2_HIGH_OUTLIER_PREVALENCE,,KEEP_FOR_NOW,15_NUMERIC_DEFAULT,NO_LEVEL1_REASON_TO_REMOVE,NUMERIC_BASELINE_IMPUTATION,TARGET_RELATIONSHIP
d1_glucose_max,CONTINUOUS,numeric,The highest glucose concentration of the patient in their serum or plasma during the first 24 hours of their unit stay,6.33,538,A1_NOTICEABLE_MEAN_MEDIAN_DIFFERENCE | A1_VERY_HIGH_SKEWNESS | A2_NOTICEABLE_OUTLIERS,,KEEP_FOR_NOW,15_NUMERIC_DEFAULT,NO_LEVEL1_REASON_TO_REMOVE,NUMERIC_BASELINE_IMPUTATION,TARGET_RELATIONSHIP
d1_glucose_min,CONTINUOUS,numeric,The lowest glucose concentration of the patient in their serum or plasma during the first 24 hours of their unit stay,6.33,256,A1_HIGH_SKEWNESS,,KEEP_FOR_NOW,15_NUMERIC_DEFAULT,NO_LEVEL1_REASON_TO_REMOVE,NUMERIC_BASELINE_IMPUTATION,TARGET_RELATIONSHIP
d1_hco3_max,CONTINUOUS,numeric,The highest bicarbonate concentration for the patient in their serum or plasma during the first 24 hours of their unit stay,16.43,223,NO_SPECIAL_FINDING,,KEEP_FOR_NOW,15_NUMERIC_DEFAULT,NO_LEVEL1_REASON_TO_REMOVE,NUMERIC_BASELINE_IMPUTATION,TARGET_RELATIONSHIP
d1_hco3_min,CONTINUOUS,numeric,The lowest bicarbonate concentration for the patient in their serum or plasma during the first 24 hours of their unit stay,16.43,255,A2_NOTICEABLE_OUTLIERS,,KEEP_FOR_NOW,15_NUMERIC_DEFAULT,NO_LEVEL1_REASON_TO_REMOVE,NUMERIC_BASELINE_IMPUTATION,TARGET_RELATIONSHIP
d1_hemaglobin_max,CONTINUOUS,numeric,The highest hemoglobin concentration for the patient during the first 24 hours of their unit stay,13.24,105,NO_SPECIAL_FINDING,,KEEP_FOR_NOW,15_NUMERIC_DEFAULT,NO_LEVEL1_REASON_TO_REMOVE,NUMERIC_BASELINE_IMPUTATION,TARGET_RELATIONSHIP
d1_hemaglobin_min,CONTINUOUS,numeric,The lowest hemoglobin concentration for the patient during the first 24 hours of their unit stay,13.24,115,NO_SPECIAL_FINDING,,KEEP_FOR_NOW,15_NUMERIC_DEFAULT,NO_LEVEL1_REASON_TO_REMOVE,NUMERIC_BASELINE_IMPUTATION,TARGET_RELATIONSHIP
d1_hematocrit_max,CONTINUOUS,numeric,"The highest volume proportion of red blood cells in a patient's blood during the first 24 hours of their unit stay, expressed as a fraction",12.71,312,NO_SPECIAL_FINDING,,KEEP_FOR_NOW,15_NUMERIC_DEFAULT,NO_LEVEL1_REASON_TO_REMOVE,NUMERIC_BASELINE_IMPUTATION,TARGET_RELATIONSHIP
d1_hematocrit_min,CONTINUOUS,numeric,"The lowest volume proportion of red blood cells in a patient's blood during the first 24 hours of their unit stay, expressed as a fraction",12.71,340,NO_SPECIAL_FINDING,,KEEP_FOR_NOW,15_NUMERIC_DEFAULT,NO_LEVEL1_REASON_TO_REMOVE,NUMERIC_BASELINE_IMPUTATION,TARGET_RELATIONSHIP
d1_inr_max,CONTINUOUS,numeric,The highest international normalized ratio for the patient during the first 24 hours of their unit stay,63.18,481,HIGH_MISSINGNESS | A1_LARGE_MEAN_MEDIAN_DIFFERENCE | A1_VERY_HIGH_SKEWNESS | A2_HIGH_OUTLIER_PREVALENCE,,KEEP_FOR_NOW,09_HIGH_MISSINGNESS_IMPUTABLE,MISSINGNESS_50_TO_80_WITH_BASELINE_IMPUTATION,NUMERIC_BASELINE_IMPUTATION,TARGET_RELATIONSHIP_AND_REASSESS_MISSINGNESS
d1_inr_min,CONTINUOUS,numeric,The lowest international normalized ratio for the patient during the first 24 hours of their unit stay,63.18,393,HIGH_MISSINGNESS | A1_LARGE_MEAN_MEDIAN_DIFFERENCE | A1_VERY_HIGH_SKEWNESS | A2_HIGH_OUTLIER_PREVALENCE,,KEEP_FOR_NOW,09_HIGH_MISSINGNESS_IMPUTABLE,MISSINGNESS_50_TO_80_WITH_BASELINE_IMPUTATION,NUMERIC_BASELINE_IMPUTATION,TARGET_RELATIONSHIP_AND_REASSESS_MISSINGNESS
d1_lactate_max,CONTINUOUS,numeric,The highest lactate concentration for the patient in their serum or plasma during the first 24 hours of their unit stay,74.58,704,HIGH_MISSINGNESS | A1_LARGE_MEAN_MEDIAN_DIFFERENCE | A1_VERY_HIGH_SKEWNESS | A2_NOTICEABLE_OUTLIERS,,KEEP_FOR_NOW,09_HIGH_MISSINGNESS_IMPUTABLE,MISSINGNESS_50_TO_80_WITH_BASELINE_IMPUTATION,NUMERIC_BASELINE_IMPUTATION,TARGET_RELATIONSHIP_AND_REASSESS_MISSINGNESS
d1_lactate_min,CONTINUOUS,numeric,The lowest lactate concentration for the patient in their serum or plasma during the first 24 hours of their unit stay,74.58,486,HIGH_MISSINGNESS | A1_LARGE_MEAN_MEDIAN_DIFFERENCE | A1_VERY_HIGH_SKEWNESS | A2_NOTICEABLE_OUTLIERS,,KEEP_FOR_NOW,09_HIGH_MISSINGNESS_IMPUTABLE,MISSINGNESS_50_TO_80_WITH_BASELINE_IMPUTATION,NUMERIC_BASELINE_IMPUTATION,TARGET_RELATIONSHIP_AND_REASSESS_MISSINGNESS
d1_platelets_max,CONTINUOUS,numeric,The highest platelet count for the patient during the first 24 hours of their unit stay,14.66,559,A1_HIGH_SKEWNESS,,KEEP_FOR_NOW,15_NUMERIC_DEFAULT,NO_LEVEL1_REASON_TO_REMOVE,NUMERIC_BASELINE_IMPUTATION,TARGET_RELATIONSHIP
d1_platelets_min,CONTINUOUS,numeric,The lowest platelet count for the patient during the first 24 hours of their unit stay,14.66,540,A1_NOTICEABLE_SKEWNESS,,KEEP_FOR_NOW,15_NUMERIC_DEFAULT,NO_LEVEL1_REASON_TO_REMOVE,NUMERIC_BASELINE_IMPUTATION,TARGET_RELATIONSHIP
d1_potassium_max,CONTINUOUS,numeric,The highest potassium concentration for the patient in their serum or plasma during the first 24 hours of their unit stay,10.45,100,A1_HIGH_SKEWNESS,,KEEP_FOR_NOW,15_NUMERIC_DEFAULT,NO_LEVEL1_REASON_TO_REMOVE,NUMERIC_BASELINE_IMPUTATION,TARGET_RELATIONSHIP
d1_potassium_min,CONTINUOUS,numeric,The lowest potassium concentration for the patient in their serum or plasma during the first 24 hours of their unit stay,10.45,116,NO_SPECIAL_FINDING,,KEEP_FOR_NOW,15_NUMERIC_DEFAULT,NO_LEVEL1_REASON_TO_REMOVE,NUMERIC_BASELINE_IMPUTATION,TARGET_RELATIONSHIP
d1_sodium_max,CONTINUOUS,numeric,The highest sodium concentration for the patient in their serum or plasma during the first 24 hours of their unit stay,11.12,71,A2_NOTICEABLE_OUTLIERS,,KEEP_FOR_NOW,15_NUMERIC_DEFAULT,NO_LEVEL1_REASON_TO_REMOVE,NUMERIC_BASELINE_IMPUTATION,TARGET_RELATIONSHIP
d1_sodium_min,CONTINUOUS,numeric,The lowest sodium concentration for the patient in their serum or plasma during the first 24 hours of their unit stay,11.12,138,A1_NOTICEABLE_SKEWNESS,,KEEP_FOR_NOW,15_NUMERIC_DEFAULT,NO_LEVEL1_REASON_TO_REMOVE,NUMERIC_BASELINE_IMPUTATION,TARGET_RELATIONSHIP
d1_wbc_max,CONTINUOUS,numeric,The highest white blood cell count for the patient during the first 24 hours of their unit stay,14.36,3098,A1_NOTICEABLE_MEAN_MEDIAN_DIFFERENCE | A1_HIGH_SKEWNESS,,KEEP_FOR_NOW,15_NUMERIC_DEFAULT,NO_LEVEL1_REASON_TO_REMOVE,NUMERIC_BASELINE_IMPUTATION,TARGET_RELATIONSHIP
d1_wbc_min,CONTINUOUS,numeric,The lowest white blood cell count for the patient during the first 24 hours of their unit stay,14.36,2774,A1_NOTICEABLE_MEAN_MEDIAN_DIFFERENCE | A1_HIGH_SKEWNESS,,KEEP_FOR_NOW,15_NUMERIC_DEFAULT,NO_LEVEL1_REASON_TO_REMOVE,NUMERIC_BASELINE_IMPUTATION,TARGET_RELATIONSHIP
h1_albumin_max,CONTINUOUS,numeric,The lowest albumin concentration of the patient in their serum during the first hour of their unit stay,91.4,37,EXTREME_MISSINGNESS,,DROP_BASELINE,07_EXTREME_MISSINGNESS,MISSINGNESS_GE_80_PERCENT,REMOVE_FROM_BASELINE,OPTIONAL_REVISIT_AFTER_BASELINE
h1_albumin_min,CONTINUOUS,numeric,The lowest albumin concentration of the patient in their serum during the first hour of their unit stay,91.4,37,EXTREME_MISSINGNESS,,DROP_BASELINE,07_EXTREME_MISSINGNESS,MISSINGNESS_GE_80_PERCENT,REMOVE_FROM_BASELINE,OPTIONAL_REVISIT_AFTER_BASELINE
h1_bilirubin_max,CONTINUOUS,numeric,The highest bilirubin concentration of the patient in their serum or plasma during the first hour of their unit stay,92.27,181,EXTREME_MISSINGNESS | A1_LARGE_MEAN_MEDIAN_DIFFERENCE | A1_VERY_HIGH_SKEWNESS | A2_NOTICEABLE_OUTLIERS,,DROP_BASELINE,07_EXTREME_MISSINGNESS,MISSINGNESS_GE_80_PERCENT,REMOVE_FROM_BASELINE,OPTIONAL_REVISIT_AFTER_BASELINE
h1_bilirubin_min,CONTINUOUS,numeric,The lowest bilirubin concentration of the patient in their serum or plasma during the first hour of their unit stay,92.27,181,EXTREME_MISSINGNESS | A1_LARGE_MEAN_MEDIAN_DIFFERENCE | A1_VERY_HIGH_SKEWNESS | A2_NOTICEABLE_OUTLIERS,,DROP_BASELINE,07_EXTREME_MISSINGNESS,MISSINGNESS_GE_80_PERCENT,REMOVE_FROM_BASELINE,OPTIONAL_REVISIT_AFTER_BASELINE
h1_bun_max,CONTINUOUS,numeric,The highest blood urea nitrogen concentration of the patient in their serum or plasma during the first hour of their unit stay,81.88,258,EXTREME_MISSINGNESS | A1_LARGE_MEAN_MEDIAN_DIFFERENCE | A1_VERY_HIGH_SKEWNESS | A2_NOTICEABLE_OUTLIERS,,DROP_BASELINE,07_EXTREME_MISSINGNESS,MISSINGNESS_GE_80_PERCENT,REMOVE_FROM_BASELINE,OPTIONAL_REVISIT_AFTER_BASELINE
h1_bun_min,CONTINUOUS,numeric,The lowest blood urea nitrogen concentration of the patient in their serum or plasma during the first hour of their unit stay,81.88,258,EXTREME_MISSINGNESS | A1_LARGE_MEAN_MEDIAN_DIFFERENCE | A1_VERY_HIGH_SKEWNESS | A2_NOTICEABLE_OUTLIERS,,DROP_BASELINE,07_EXTREME_MISSINGNESS,MISSINGNESS_GE_80_PERCENT,REMOVE_FROM_BASELINE,OPTIONAL_REVISIT_AFTER_BASELINE
h1_calcium_max,CONTINUOUS,numeric,The highest calcium concentration of the patient in their serum during the first hour of their unit stay,82.72,59,EXTREME_MISSINGNESS,,DROP_BASELINE,07_EXTREME_MISSINGNESS,MISSINGNESS_GE_80_PERCENT,REMOVE_FROM_BASELINE,OPTIONAL_REVISIT_AFTER_BASELINE
h1_calcium_min,CONTINUOUS,numeric,The lowest calcium concentration of the patient in their serum during the first hour of their unit stay,82.72,62,EXTREME_MISSINGNESS,,DROP_BASELINE,07_EXTREME_MISSINGNESS,MISSINGNESS_GE_80_PERCENT,REMOVE_FROM_BASELINE,OPTIONAL_REVISIT_AFTER_BASELINE
h1_creatinine_max,CONTINUOUS,numeric,The highest creatinine concentration of the patient in their serum or plasma during the first hour of their unit stay,81.73,784,EXTREME_MISSINGNESS | A1_LARGE_MEAN_MEDIAN_DIFFERENCE | A1_VERY_HIGH_SKEWNESS | A2_HIGH_OUTLIER_PREVALENCE,,DROP_BASELINE,07_EXTREME_MISSINGNESS,MISSINGNESS_GE_80_PERCENT,REMOVE_FROM_BASELINE,OPTIONAL_REVISIT_AFTER_BASELINE
h1_creatinine_min,CONTINUOUS,numeric,The lowest creatinine concentration of the patient in their serum or plasma during the first hour of their unit stay,81.73,777,EXTREME_MISSINGNESS | A1_LARGE_MEAN_MEDIAN_DIFFERENCE | A1_VERY_HIGH_SKEWNESS | A2_HIGH_OUTLIER_PREVALENCE,,DROP_BASELINE,07_EXTREME_MISSINGNESS,MISSINGNESS_GE_80_PERCENT,REMOVE_FROM_BASELINE,OPTIONAL_REVISIT_AFTER_BASELINE
h1_glucose_max,CONTINUOUS,numeric,The highest glucose concentration of the patient in their serum or plasma during the first hour of their unit stay,57.37,601,HIGH_MISSINGNESS | A1_NOTICEABLE_MEAN_MEDIAN_DIFFERENCE | A1_VERY_HIGH_SKEWNESS | A2_NOTICEABLE_OUTLIERS,,KEEP_FOR_NOW,09_HIGH_MISSINGNESS_IMPUTABLE,MISSINGNESS_50_TO_80_WITH_BASELINE_IMPUTATION,NUMERIC_BASELINE_IMPUTATION,TARGET_RELATIONSHIP_AND_REASSESS_MISSINGNESS
h1_glucose_min,CONTINUOUS,numeric,The lowest glucose concentration of the patient in their serum or plasma during the first hour of their unit stay,57.37,588,HIGH_MISSINGNESS | A1_NOTICEABLE_MEAN_MEDIAN_DIFFERENCE | A1_VERY_HIGH_SKEWNESS | A2_NOTICEABLE_OUTLIERS,,KEEP_FOR_NOW,09_HIGH_MISSINGNESS_IMPUTABLE,MISSINGNESS_50_TO_80_WITH_BASELINE_IMPUTATION,NUMERIC_BASELINE_IMPUTATION,TARGET_RELATIONSHIP_AND_REASSESS_MISSINGNESS
h1_hco3_max,CONTINUOUS,numeric,The highest bicarbonate concentration for the patient in their serum or plasma during the first hour of their unit stay,82.97,214,EXTREME_MISSINGNESS | A2_NOTICEABLE_OUTLIERS,,DROP_BASELINE,07_EXTREME_MISSINGNESS,MISSINGNESS_GE_80_PERCENT,REMOVE_FROM_BASELINE,OPTIONAL_REVISIT_AFTER_BASELINE
h1_hco3_min,CONTINUOUS,numeric,The lowest bicarbonate concentration for the patient in their serum or plasma during the first hour of their unit stay,82.97,198,EXTREME_MISSINGNESS | A2_NOTICEABLE_OUTLIERS,,DROP_BASELINE,07_EXTREME_MISSINGNESS,MISSINGNESS_GE_80_PERCENT,REMOVE_FROM_BASELINE,OPTIONAL_REVISIT_AFTER_BASELINE
h1_hemaglobin_max,CONTINUOUS,numeric,The highest hemoglobin concentration for the patient during the first hour of their unit stay,79.73,124,HIGH_MISSINGNESS,,KEEP_FOR_NOW,09_HIGH_MISSINGNESS_IMPUTABLE,MISSINGNESS_50_TO_80_WITH_BASELINE_IMPUTATION,NUMERIC_BASELINE_IMPUTATION,TARGET_RELATIONSHIP_AND_REASSESS_MISSINGNESS
h1_hemaglobin_min,CONTINUOUS,numeric,The lowest hemoglobin concentration for the patient during the first hour of their unit stay,79.73,124,HIGH_MISSINGNESS,,KEEP_FOR_NOW,09_HIGH_MISSINGNESS_IMPUTABLE,MISSINGNESS_50_TO_80_WITH_BASELINE_IMPUTATION,NUMERIC_BASELINE_IMPUTATION,TARGET_RELATIONSHIP_AND_REASSESS_MISSINGNESS
h1_hematocrit_max,CONTINUOUS,numeric,"The highest volume proportion of red blood cells in a patient's blood during the first hour of their unit stay, expressed as a fraction",80.05,358,EXTREME_MISSINGNESS,,DROP_BASELINE,07_EXTREME_MISSINGNESS,MISSINGNESS_GE_80_PERCENT,REMOVE_FROM_BASELINE,OPTIONAL_REVISIT_AFTER_BASELINE
h1_hematocrit_min,CONTINUOUS,numeric,"The lowest volume proportion of red blood cells in a patient's blood during the first hour of their unit stay, expressed as a fraction",80.05,361,EXTREME_MISSINGNESS,,DROP_BASELINE,07_EXTREME_MISSINGNESS,MISSINGNESS_GE_80_PERCENT,REMOVE_FROM_BASELINE,OPTIONAL_REVISIT_AFTER_BASELINE
h1_inr_max,CONTINUOUS,numeric,The highest international normalized ratio for the patient during the first hour of their unit stay,63.18,481,HIGH_MISSINGNESS | A1_LARGE_MEAN_MEDIAN_DIFFERENCE | A1_VERY_HIGH_SKEWNESS | A2_HIGH_OUTLIER_PREVALENCE,,KEEP_FOR_NOW,09_HIGH_MISSINGNESS_IMPUTABLE,MISSINGNESS_50_TO_80_WITH_BASELINE_IMPUTATION,NUMERIC_BASELINE_IMPUTATION,TARGET_RELATIONSHIP_AND_REASSESS_MISSINGNESS
h1_inr_min,CONTINUOUS,numeric,The lowest international normalized ratio for the patient during the first hour of their unit stay,63.18,393,HIGH_MISSINGNESS | A1_LARGE_MEAN_MEDIAN_DIFFERENCE | A1_VERY_HIGH_SKEWNESS | A2_HIGH_OUTLIER_PREVALENCE,,KEEP_FOR_NOW,09_HIGH_MISSINGNESS_IMPUTABLE,MISSINGNESS_50_TO_80_WITH_BASELINE_IMPUTATION,NUMERIC_BASELINE_IMPUTATION,TARGET_RELATIONSHIP_AND_REASSESS_MISSINGNESS
h1_lactate_max,CONTINUOUS,numeric,The highest lactate concentration for the patient in their serum or plasma during the first hour of their unit stay,91.99,547,EXTREME_MISSINGNESS | A1_LARGE_MEAN_MEDIAN_DIFFERENCE | A1_VERY_HIGH_SKEWNESS | A2_NOTICEABLE_OUTLIERS,,DROP_BASELINE,07_EXTREME_MISSINGNESS,MISSINGNESS_GE_80_PERCENT,REMOVE_FROM_BASELINE,OPTIONAL_REVISIT_AFTER_BASELINE
h1_lactate_min,CONTINUOUS,numeric,The lowest lactate concentration for the patient in their serum or plasma during the first hour of their unit stay,91.99,536,EXTREME_MISSINGNESS | A1_LARGE_MEAN_MEDIAN_DIFFERENCE | A1_VERY_HIGH_SKEWNESS | A2_NOTICEABLE_OUTLIERS,,DROP_BASELINE,07_EXTREME_MISSINGNESS,MISSINGNESS_GE_80_PERCENT,REMOVE_FROM_BASELINE,OPTIONAL_REVISIT_AFTER_BASELINE
h1_platelets_max,CONTINUOUS,numeric,The highest platelet count for the patient during the first hour of their unit stay,82.51,544,EXTREME_MISSINGNESS | A1_HIGH_SKEWNESS,,DROP_BASELINE,07_EXTREME_MISSINGNESS,MISSINGNESS_GE_80_PERCENT,REMOVE_FROM_BASELINE,OPTIONAL_REVISIT_AFTER_BASELINE
h1_platelets_min,CONTINUOUS,numeric,The lowest platelet count for the patient during the first hour of their unit stay,82.51,545,EXTREME_MISSINGNESS | A1_HIGH_SKEWNESS,,DROP_BASELINE,07_EXTREME_MISSINGNESS,MISSINGNESS_GE_80_PERCENT,REMOVE_FROM_BASELINE,OPTIONAL_REVISIT_AFTER_BASELINE
h1_potassium_max,CONTINUOUS,numeric,The highest potassium concentration for the patient in their serum or plasma during the first hour of their unit stay,78.62,115,HIGH_MISSINGNESS | A1_NOTICEABLE_SKEWNESS,,KEEP_FOR_NOW,09_HIGH_MISSINGNESS_IMPUTABLE,MISSINGNESS_50_TO_80_WITH_BASELINE_IMPUTATION,NUMERIC_BASELINE_IMPUTATION,TARGET_RELATIONSHIP_AND_REASSESS_MISSINGNESS
h1_potassium_min,CONTINUOUS,numeric,The lowest potassium concentration for the patient in their serum or plasma during the first hour of their unit stay,78.62,113,HIGH_MISSINGNESS | A1_NOTICEABLE_SKEWNESS | A2_NOTICEABLE_OUTLIERS,,KEEP_FOR_NOW,09_HIGH_MISSINGNESS_IMPUTABLE,MISSINGNESS_50_TO_80_WITH_BASELINE_IMPUTATION,NUMERIC_BASELINE_IMPUTATION,TARGET_RELATIONSHIP_AND_REASSESS_MISSINGNESS
h1_sodium_max,CONTINUOUS,numeric,The highest sodium concentration for the patient in their serum or plasma during the first hour of their unit stay,79.18,99,HIGH_MISSINGNESS | A1_NOTICEABLE_SKEWNESS | A2_NOTICEABLE_OUTLIERS,,KEEP_FOR_NOW,09_HIGH_MISSINGNESS_IMPUTABLE,MISSINGNESS_50_TO_80_WITH_BASELINE_IMPUTATION,NUMERIC_BASELINE_IMPUTATION,TARGET_RELATIONSHIP_AND_REASSESS_MISSINGNESS
h1_sodium_min,CONTINUOUS,numeric,The lowest sodium concentration for the patient in their serum or plasma during the first hour of their unit stay,79.18,113,HIGH_MISSINGNESS | A1_NOTICEABLE_SKEWNESS,,KEEP_FOR_NOW,09_HIGH_MISSINGNESS_IMPUTABLE,MISSINGNESS_50_TO_80_WITH_BASELINE_IMPUTATION,NUMERIC_BASELINE_IMPUTATION,TARGET_RELATIONSHIP_AND_REASSESS_MISSINGNESS
h1_wbc_max,CONTINUOUS,numeric,The highest white blood cell count for the patient during the first hour of their unit stay,82.82,2075,EXTREME_MISSINGNESS | A1_NOTICEABLE_MEAN_MEDIAN_DIFFERENCE | A1_HIGH_SKEWNESS,,DROP_BASELINE,07_EXTREME_MISSINGNESS,MISSINGNESS_GE_80_PERCENT,REMOVE_FROM_BASELINE,OPTIONAL_REVISIT_AFTER_BASELINE
h1_wbc_min,CONTINUOUS,numeric,The lowest white blood cell count for the patient during the first hour of their unit stay,82.82,2072,EXTREME_MISSINGNESS | A1_NOTICEABLE_MEAN_MEDIAN_DIFFERENCE | A1_HIGH_SKEWNESS,,DROP_BASELINE,07_EXTREME_MISSINGNESS,MISSINGNESS_GE_80_PERCENT,REMOVE_FROM_BASELINE,OPTIONAL_REVISIT_AFTER_BASELINE
d1_arterial_pco2_max,CONTINUOUS,numeric,The highest arterial partial pressure of carbon dioxide for the patient during the first 24 hours of their unit stay,64.63,831,HIGH_MISSINGNESS | A1_HIGH_SKEWNESS | A2_NOTICEABLE_OUTLIERS,,KEEP_FOR_NOW,09_HIGH_MISSINGNESS_IMPUTABLE,MISSINGNESS_50_TO_80_WITH_BASELINE_IMPUTATION,NUMERIC_BASELINE_IMPUTATION,TARGET_RELATIONSHIP_AND_REASSESS_MISSINGNESS
d1_arterial_pco2_min,CONTINUOUS,numeric,The lowest arterial partial pressure of carbon dioxide for the patient during the first 24 hours of their unit stay,64.63,674,HIGH_MISSINGNESS | A1_HIGH_SKEWNESS | A2_NOTICEABLE_OUTLIERS,,KEEP_FOR_NOW,09_HIGH_MISSINGNESS_IMPUTABLE,MISSINGNESS_50_TO_80_WITH_BASELINE_IMPUTATION,NUMERIC_BASELINE_IMPUTATION,TARGET_RELATIONSHIP_AND_REASSESS_MISSINGNESS
d1_arterial_ph_max,CONTINUOUS,numeric,The highest arterial pH for the patient during the first 24 hours of their unit stay,65.56,527,HIGH_MISSINGNESS | A1_NOTICEABLE_SKEWNESS,,KEEP_FOR_NOW,09_HIGH_MISSINGNESS_IMPUTABLE,MISSINGNESS_50_TO_80_WITH_BASELINE_IMPUTATION,NUMERIC_BASELINE_IMPUTATION,TARGET_RELATIONSHIP_AND_REASSESS_MISSINGNESS
d1_arterial_ph_min,CONTINUOUS,numeric,The lowest arterial pH for the patient during the first 24 hours of their unit stay,65.56,624,HIGH_MISSINGNESS | A1_HIGH_SKEWNESS,,KEEP_FOR_NOW,09_HIGH_MISSINGNESS_IMPUTABLE,MISSINGNESS_50_TO_80_WITH_BASELINE_IMPUTATION,NUMERIC_BASELINE_IMPUTATION,TARGET_RELATIONSHIP_AND_REASSESS_MISSINGNESS
d1_arterial_po2_max,CONTINUOUS,numeric,The highest arterial partial pressure of oxygen for the patient during the first 24 hours of their unit stay,64.62,2428,HIGH_MISSINGNESS | A1_LARGE_MEAN_MEDIAN_DIFFERENCE | A1_HIGH_SKEWNESS | A2_NOTICEABLE_OUTLIERS,,KEEP_FOR_NOW,09_HIGH_MISSINGNESS_IMPUTABLE,MISSINGNESS_50_TO_80_WITH_BASELINE_IMPUTATION,NUMERIC_BASELINE_IMPUTATION,TARGET_RELATIONSHIP_AND_REASSESS_MISSINGNESS
d1_arterial_po2_min,CONTINUOUS,numeric,The lowest arterial partial pressure of oxygen for the patient during the first 24 hours of their unit stay,64.62,1822,HIGH_MISSINGNESS | A1_NOTICEABLE_MEAN_MEDIAN_DIFFERENCE | A1_VERY_HIGH_SKEWNESS | A2_NOTICEABLE_OUTLIERS,,KEEP_FOR_NOW,09_HIGH_MISSINGNESS_IMPUTABLE,MISSINGNESS_50_TO_80_WITH_BASELINE_IMPUTATION,NUMERIC_BASELINE_IMPUTATION,TARGET_RELATIONSHIP_AND_REASSESS_MISSINGNESS
d1_pao2fio2ratio_max,CONTINUOUS,numeric,The highest fraction of inspired oxygen for the patient during the first 24 hours of their unit stay,71.97,5194,HIGH_MISSINGNESS | A1_NOTICEABLE_SKEWNESS,,KEEP_FOR_NOW,09_HIGH_MISSINGNESS_IMPUTABLE,MISSINGNESS_50_TO_80_WITH_BASELINE_IMPUTATION,NUMERIC_BASELINE_IMPUTATION,TARGET_RELATIONSHIP_AND_REASSESS_MISSINGNESS
d1_pao2fio2ratio_min,CONTINUOUS,numeric,The lowest fraction of inspired oxygen for the patient during the first 24 hours of their unit stay,71.97,4990,HIGH_MISSINGNESS | A1_NOTICEABLE_SKEWNESS,,KEEP_FOR_NOW,09_HIGH_MISSINGNESS_IMPUTABLE,MISSINGNESS_50_TO_80_WITH_BASELINE_IMPUTATION,NUMERIC_BASELINE_IMPUTATION,TARGET_RELATIONSHIP_AND_REASSESS_MISSINGNESS
h1_arterial_pco2_max,CONTINUOUS,numeric,The highest arterial partial pressure of carbon dioxide for the patient during the first hour of their unit stay,82.82,779,EXTREME_MISSINGNESS | A1_HIGH_SKEWNESS | A2_NOTICEABLE_OUTLIERS,,DROP_BASELINE,07_EXTREME_MISSINGNESS,MISSINGNESS_GE_80_PERCENT,REMOVE_FROM_BASELINE,OPTIONAL_REVISIT_AFTER_BASELINE
h1_arterial_pco2_min,CONTINUOUS,numeric,The lowest arterial partial pressure of carbon dioxide for the patient during the first hour of their unit stay,82.82,768,EXTREME_MISSINGNESS | A1_HIGH_SKEWNESS | A2_NOTICEABLE_OUTLIERS,,DROP_BASELINE,07_EXTREME_MISSINGNESS,MISSINGNESS_GE_80_PERCENT,REMOVE_FROM_BASELINE,OPTIONAL_REVISIT_AFTER_BASELINE
h1_arterial_ph_max,CONTINUOUS,numeric,The highest arterial pH for the patient during the first hour of their unit stay,83.33,561,EXTREME_MISSINGNESS | A1_NOTICEABLE_SKEWNESS,,DROP_BASELINE,07_EXTREME_MISSINGNESS,MISSINGNESS_GE_80_PERCENT,REMOVE_FROM_BASELINE,OPTIONAL_REVISIT_AFTER_BASELINE
h1_arterial_ph_min,CONTINUOUS,numeric,The lowest arterial pH for the patient during the first hour of their unit stay,83.33,579,EXTREME_MISSINGNESS | A1_HIGH_SKEWNESS,,DROP_BASELINE,07_EXTREME_MISSINGNESS,MISSINGNESS_GE_80_PERCENT,REMOVE_FROM_BASELINE,OPTIONAL_REVISIT_AFTER_BASELINE
h1_arterial_po2_max,CONTINUOUS,numeric,The highest arterial partial pressure of oxygen for the patient during the first hour of their unit stay,82.81,1737,EXTREME_MISSINGNESS | A1_LARGE_MEAN_MEDIAN_DIFFERENCE | A1_HIGH_SKEWNESS,,DROP_BASELINE,07_EXTREME_MISSINGNESS,MISSINGNESS_GE_80_PERCENT,REMOVE_FROM_BASELINE,OPTIONAL_REVISIT_AFTER_BASELINE
h1_arterial_po2_min,CONTINUOUS,numeric,The lowest arterial partial pressure of oxygen for the patient during the first hour of their unit stay,82.81,1729,EXTREME_MISSINGNESS | A1_LARGE_MEAN_MEDIAN_DIFFERENCE | A1_HIGH_SKEWNESS | A2_NOTICEABLE_OUTLIERS,,DROP_BASELINE,07_EXTREME_MISSINGNESS,MISSINGNESS_GE_80_PERCENT,REMOVE_FROM_BASELINE,OPTIONAL_REVISIT_AFTER_BASELINE
h1_pao2fio2ratio_max,CONTINUOUS,numeric,The highest fraction of inspired oxygen for the patient during the first hour of their unit stay,87.44,3142,EXTREME_MISSINGNESS | A1_NOTICEABLE_SKEWNESS,,DROP_BASELINE,07_EXTREME_MISSINGNESS,MISSINGNESS_GE_80_PERCENT,REMOVE_FROM_BASELINE,OPTIONAL_REVISIT_AFTER_BASELINE
h1_pao2fio2ratio_min,CONTINUOUS,numeric,The lowest fraction of inspired oxygen for the patient during the first hour of their unit stay,87.44,3122,EXTREME_MISSINGNESS | A1_NOTICEABLE_SKEWNESS,,DROP_BASELINE,07_EXTREME_MISSINGNESS,MISSINGNESS_GE_80_PERCENT,REMOVE_FROM_BASELINE,OPTIONAL_REVISIT_AFTER_BASELINE
apache_4a_hospital_death_prob,DERIVED_PREDICTION,numeric,"The APACHE IVa probabilistic prediction of in-hospital mortality for the patient which utilizes the APACHE III score and other covariates, including diagnosis.",8.67,101,A1_LARGE_MEAN_MEDIAN_DIFFERENCE | A1_HIGH_SKEWNESS | A2_HIGH_OUTLIER_PREVALENCE | A3_HAS_NEGATIVE_VALUES | A3_VALUE_OUTSIDE_PROBABILITY_DOMAIN | DERIVED_PREDICTION_REVIEW,,INVESTIGATE,05_DERIVED_PREDICTION,DERIVED_PREDICTION_OR_LEAKAGE_RISK,KEEP_OUT_OF_MODEL_UNTIL_RESOLVED,VERIFY_SENTINEL_TIMING_AVAILABILITY_AND_LEAKAGE
apache_4a_icu_death_prob,DERIVED_PREDICTION,numeric,"The APACHE IVa probabilistic prediction of in ICU mortality for the patient which utilizes the APACHE III score and other covariates, including diagnosis",8.67,99,A1_LARGE_MEAN_MEDIAN_DIFFERENCE | A1_VERY_HIGH_SKEWNESS | A2_HIGH_OUTLIER_PREVALENCE | A3_HAS_NEGATIVE_VALUES | A3_VALUE_OUTSIDE_PROBABILITY_DOMAIN | DERIVED_PREDICTION_REVIEW,,INVESTIGATE,05_DERIVED_PREDICTION,DERIVED_PREDICTION_OR_LEAKAGE_RISK,KEEP_OUT_OF_MODEL_UNTIL_RESOLVED,VERIFY_SENTINEL_TIMING_AVAILABILITY_AND_LEAKAGE
aids,BINARY,binary,Whether the patient has a definitive diagnosis of acquired immune deficiency syndrome (AIDS) (not HIV positive alone),0.78,2,A1_LOW_UNIQUE_VALUES | A4_EXTREME_VALUE_DOMINANCE,,KEEP_FOR_NOW,13_RARE_BINARY,RARE_BINARY_CLINICAL_INDICATOR,NUMERIC_BASELINE_IMPUTATION,POSITIVE_CLASS_VS_TARGET
cirrhosis,BINARY,binary,"Whether the patient has a history of heavy alcohol use with portal hypertension and varices, other causes of cirrhosis with evidence of portal hypertension and varices, or biopsy proven cirrhosis. This comorbidity does not apply to patients with a functioning liver transplant.",0.78,2,A1_LOW_UNIQUE_VALUES | A4_VERY_HIGH_VALUE_DOMINANCE,,KEEP_FOR_NOW,13_RARE_BINARY,RARE_BINARY_CLINICAL_INDICATOR,NUMERIC_BASELINE_IMPUTATION,POSITIVE_CLASS_VS_TARGET
diabetes_mellitus,BINARY,binary,"Whether the patient has been diagnosed with diabetes, either juvenile or adult onset, which requires medication.",0.78,2,A1_LOW_UNIQUE_VALUES,,KEEP_FOR_NOW,13_BINARY_DEFAULT,VALID_BINARY_FEATURE,NUMERIC_BASELINE_IMPUTATION,TARGET_RELATIONSHIP
hepatic_failure,BINARY,binary,"Whether the patient has cirrhosis and additional complications including jaundice and ascites, upper GI bleeding, hepatic encephalopathy, or coma.",0.78,2,A1_LOW_UNIQUE_VALUES | A4_VERY_HIGH_VALUE_DOMINANCE,,KEEP_FOR_NOW,13_RARE_BINARY,RARE_BINARY_CLINICAL_INDICATOR,NUMERIC_BASELINE_IMPUTATION,POSITIVE_CLASS_VS_TARGET
immunosuppression,BINARY,binary,"Whether the patient has their immune system suppressed within six months prior to ICU admission for any of the following reasons; radiation therapy, chemotherapy, use of non-cytotoxic immunosuppressive drugs, high dose steroids (at least 0.3 mg/kg/day of methylprednisolone or equivalent for at least 6 months).",0.78,2,A1_LOW_UNIQUE_VALUES | A4_HIGH_VALUE_DOMINANCE,,KEEP_FOR_NOW,13_BINARY_DEFAULT,VALID_BINARY_FEATURE,NUMERIC_BASELINE_IMPUTATION,TARGET_RELATIONSHIP
leukemia,BINARY,binary,"Whether the patient has been diagnosed with acute or chronic myelogenous leukemia, acute or chronic lymphocytic leukemia, or multiple myeloma.",0.78,2,A1_LOW_UNIQUE_VALUES | A4_EXTREME_VALUE_DOMINANCE,,KEEP_FOR_NOW,13_RARE_BINARY,RARE_BINARY_CLINICAL_INDICATOR,NUMERIC_BASELINE_IMPUTATION,POSITIVE_CLASS_VS_TARGET
lymphoma,BINARY,binary,Whether the patient has been diagnosed with non-Hodgkin lymphoma.,0.78,2,A1_LOW_UNIQUE_VALUES | A4_EXTREME_VALUE_DOMINANCE,,KEEP_FOR_NOW,13_RARE_BINARY,RARE_BINARY_CLINICAL_INDICATOR,NUMERIC_BASELINE_IMPUTATION,POSITIVE_CLASS_VS_TARGET
solid_tumor_with_metastasis,BINARY,binary,Whether the patient has been diagnosed with any solid tumor carcinoma (including malignant melanoma) which has evidence of metastasis.,0.78,2,A1_LOW_UNIQUE_VALUES | A4_HIGH_VALUE_DOMINANCE,,KEEP_FOR_NOW,13_BINARY_DEFAULT,VALID_BINARY_FEATURE,NUMERIC_BASELINE_IMPUTATION,TARGET_RELATIONSHIP
apache_3j_bodysystem,CATEGORICAL,string,Admission diagnosis group for APACHE III,1.81,11,B1_MODERATE_CARDINALITY | B4_HAS_RARE_CATEGORIES,,KEEP_FOR_NOW,14_CATEGORICAL_DEFAULT,NO_LEVEL1_REASON_TO_REMOVE,MODE_IMPUTATION_THEN_ENCODE,TARGET_RELATIONSHIP
apache_2_bodysystem,CATEGORICAL,string,Admission diagnosis group for APACHE II,1.81,10,B4_HAS_RARE_CATEGORIES | CATEGORY_LABEL_INCONSISTENCY,Undefined diagnoses / Undefined Diagnoses,CLEAN_KEEP,08_CATEGORY_CONSISTENCY,CATEGORY_LABEL_INCONSISTENCY,VERIFY_AND_STANDARDIZE_CATEGORY_LABELS,TARGET_RELATIONSHIP_AFTER_CLEANING
