feature,review_score,review_priority,review_reason,dictionary_data_type,feature_description,missing_percent,unique_values,mean,median,relative_difference_percent,skewness
pre_icu_los_days,5,HIGH,LARGE_MEAN_MEDIAN_DIFFERENCE | VERY_HIGH_SKEWNESS,numeric,The length of stay of the patient between hospital admission and unit admission,0.0,9757,0.835766050667986,0.138888889,142.99977013513637,10.988614557452854
h1_bilirubin_min,5,HIGH,LARGE_MEAN_MEDIAN_DIFFERENCE | VERY_HIGH_SKEWNESS,numeric,The lowest bilirubin concentration of the patient in their serum or plasma during the first hour of their unit stay,92.26500059969688,181,1.0977516210882436,0.6,58.636565550052524,9.158105598450598
h1_bilirubin_max,5,HIGH,LARGE_MEAN_MEDIAN_DIFFERENCE | VERY_HIGH_SKEWNESS,numeric,The highest bilirubin concentration of the patient in their serum or plasma during the first hour of their unit stay,92.26500059969688,181,1.0986115026783196,0.6,58.70812741961585,9.149274608930341
d1_bilirubin_min,5,HIGH,LARGE_MEAN_MEDIAN_DIFFERENCE | VERY_HIGH_SKEWNESS,numeric,The lowest bilirubin concentration of the patient in their serum or plasma during the first 24 hours of their unit stay,58.522783029668645,357,1.067814931650894,0.6,56.099141790009675,8.961084118043232
d1_bilirubin_max,5,HIGH,LARGE_MEAN_MEDIAN_DIFFERENCE | VERY_HIGH_SKEWNESS,numeric,The highest bilirubin concentration of the patient in their serum or plasma during the first 24 hours of their unit stay,58.522783029668645,374,1.137308359621451,0.6,61.85526669986523,8.709534369511415
bilirubin_apache,5,HIGH,LARGE_MEAN_MEDIAN_DIFFERENCE | VERY_HIGH_SKEWNESS,numeric,The bilirubin concentration measured during the first 24 hours which results in the highest APACHE III score,63.38686990939125,362,1.1477208969891897,0.6,62.67830268926258,8.656250638223566
h1_creatinine_min,5,HIGH,LARGE_MEAN_MEDIAN_DIFFERENCE | VERY_HIGH_SKEWNESS,numeric,The lowest creatinine concentration of the patient in their serum or plasma during the first hour of their unit stay,81.72996194650703,777,1.528784137025543,1.01,40.86870793460638,3.6833796797188767
h1_creatinine_max,5,HIGH,LARGE_MEAN_MEDIAN_DIFFERENCE | VERY_HIGH_SKEWNESS,numeric,The highest creatinine concentration of the patient in their serum or plasma during the first hour of their unit stay,81.72996194650703,784,1.5312205418954403,1.01,41.021275666745034,3.6832490299509963
d1_creatinine_min,5,HIGH,LARGE_MEAN_MEDIAN_DIFFERENCE | VERY_HIGH_SKEWNESS,numeric,The lowest creatinine concentration of the patient in their serum or plasma during the first 24 hours of their unit stay,11.087850141201356,1093,1.366947375649956,0.95,35.99109587311994,3.616992886120413
d1_inr_max,5,HIGH,LARGE_MEAN_MEDIAN_DIFFERENCE | VERY_HIGH_SKEWNESS,numeric,The highest international normalized ratio for the patient during the first 24 hours of their unit stay,63.17643082223894,481,1.5964762525168779,1.3,20.47151273960947,3.604282653627582
h1_inr_max,5,HIGH,LARGE_MEAN_MEDIAN_DIFFERENCE | VERY_HIGH_SKEWNESS,numeric,The highest international normalized ratio for the patient during the first hour of their unit stay,63.17643082223894,481,1.5964762525168779,1.3,20.47151273960947,3.604282653627582
d1_creatinine_max,5,HIGH,LARGE_MEAN_MEDIAN_DIFFERENCE | VERY_HIGH_SKEWNESS,numeric,The highest creatinine concentration of the patient in their serum or plasma during the first 24 hours of their unit stay,11.087850141201356,1187,1.4886499435887375,1.0,39.270283460122464,3.597628752721957
d1_lactate_min,5,HIGH,LARGE_MEAN_MEDIAN_DIFFERENCE | VERY_HIGH_SKEWNESS,numeric,The lowest lactate concentration for the patient in their serum or plasma during the first 24 hours of their unit stay,74.57612334129294,486,2.1251280181841574,1.5,34.488603715423366,3.560416032413983
creatinine_apache,5,HIGH,LARGE_MEAN_MEDIAN_DIFFERENCE | VERY_HIGH_SKEWNESS,numeric,The creatinine concentration measured during the first 24 hours which results in the highest APACHE III score,20.55651870509088,1127,1.4800135053527312,0.98,40.65128132546869,3.546544016743916
d1_inr_min,5,HIGH,LARGE_MEAN_MEDIAN_DIFFERENCE | VERY_HIGH_SKEWNESS,numeric,The lowest international normalized ratio for the patient during the first 24 hours of their unit stay,63.17643082223894,393,1.4829792727703424,1.21,20.273403180672908,3.4109458861807167
h1_inr_min,5,HIGH,LARGE_MEAN_MEDIAN_DIFFERENCE | VERY_HIGH_SKEWNESS,numeric,The lowest international normalized ratio for the patient during the first hour of their unit stay,63.17643082223894,393,1.4829792727703424,1.21,20.273403180672908,3.4109458861807167
d1_lactate_max,5,HIGH,LARGE_MEAN_MEDIAN_DIFFERENCE | VERY_HIGH_SKEWNESS,numeric,The highest lactate concentration for the patient in their serum or plasma during the first 24 hours of their unit stay,74.57612334129294,704,2.9273825963889006,1.9,42.564788511166654,2.8991276703059907
h1_lactate_min,5,HIGH,LARGE_MEAN_MEDIAN_DIFFERENCE | VERY_HIGH_SKEWNESS,numeric,The lowest lactate concentration for the patient in their serum or plasma during the first hour of their unit stay,91.99241110856694,536,3.0215426879084966,2.0,40.68640859584031,2.5033049891468284
h1_lactate_max,5,HIGH,LARGE_MEAN_MEDIAN_DIFFERENCE | VERY_HIGH_SKEWNESS,numeric,The highest lactate concentration for the patient in their serum or plasma during the first hour of their unit stay,91.99241110856694,547,3.068860294117647,2.05,39.80809147256757,2.464702558163932
h1_bun_min,5,HIGH,LARGE_MEAN_MEDIAN_DIFFERENCE | VERY_HIGH_SKEWNESS,numeric,The lowest blood urea nitrogen concentration of the patient in their serum or plasma during the first hour of their unit stay,81.87606991375269,258,25.81925219588497,18.0,35.68866105213576,2.3522689498598113
h1_bun_max,5,HIGH,LARGE_MEAN_MEDIAN_DIFFERENCE | VERY_HIGH_SKEWNESS,numeric,The highest blood urea nitrogen concentration of the patient in their serum or plasma during the first hour of their unit stay,81.87606991375269,258,25.84453796173746,18.0,35.78342172784798,2.349970440845469
d1_bun_max,5,HIGH,LARGE_MEAN_MEDIAN_DIFFERENCE | VERY_HIGH_SKEWNESS,numeric,The highest blood urea nitrogen concentration of the patient in their serum or plasma during the first 24 hours of their unit stay,11.464023638960672,495,25.685745021490412,19.0,29.92339063956562,2.133405958707151
bun_apache,5,HIGH,LARGE_MEAN_MEDIAN_DIFFERENCE | VERY_HIGH_SKEWNESS,numeric,The blood urea nitrogen concentration measured during the first 24 hours which results in the highest APACHE III score,21.00247511257946,476,25.825330361209645,19.0,30.453006397097564,2.129075167866592
d1_bun_min,5,HIGH,LARGE_MEAN_MEDIAN_DIFFERENCE | VERY_HIGH_SKEWNESS,numeric,The lowest blood urea nitrogen concentration of the patient in their serum or plasma during the first 24 hours of their unit stay,11.464023638960672,472,23.767468564883806,18.0,27.617036718058763,2.083697021493381
pao2_apache,5,HIGH,LARGE_MEAN_MEDIAN_DIFFERENCE | VERY_HIGH_SKEWNESS,numeric,The partial pressure of oxygen from the arterial blood gas taken during the first 24 hours of unit admission which produces the highest APACHE III score for oxygenation,77.27148822958577,2003,131.14846725833533,103.5,23.565862229047383,2.048364736325369
apache_4a_icu_death_prob,5,HIGH,LARGE_MEAN_MEDIAN_DIFFERENCE | VERY_HIGH_SKEWNESS,numeric,"The APACHE IVa probabilistic prediction of in ICU mortality for the patient which utilizes the APACHE III score and other covariates, including diagnosis",8.665074744038467,99,0.0439548265406012,0.02,74.91170826769007,-2.028835621857509
d1_arterial_po2_min,4,HIGH,NOTICEABLE_MEAN_MEDIAN_DIFFERENCE | VERY_HIGH_SKEWNESS,numeric,The lowest arterial partial pressure of oxygen for the patient during the first 24 hours of their unit stay,64.61679369336953,1822,103.51134941912422,85.0,19.639506561450847,2.7931241862320113
h1_glucose_min,4,HIGH,NOTICEABLE_MEAN_MEDIAN_DIFFERENCE | VERY_HIGH_SKEWNESS,numeric,The lowest glucose concentration of the patient in their serum or plasma during the first hour of their unit stay,57.36809394524223,588,159.22274226962327,134.0,17.203810369136054,2.5032751560785163
d1_resprate_max,4,HIGH,NOTICEABLE_MEAN_MEDIAN_DIFFERENCE | VERY_HIGH_SKEWNESS,numeric,The patient's highest respiratory rate during the first 24 hours of their unit stay,0.4197878163401045,79,28.882774176594253,26.0,10.505205758435093,2.497452004291898
h1_glucose_max,4,HIGH,NOTICEABLE_MEAN_MEDIAN_DIFFERENCE | VERY_HIGH_SKEWNESS,numeric,The highest glucose concentration of the patient in their serum or plasma during the first hour of their unit stay,57.36809394524223,601,167.98511701066522,140.0,18.173032049270173,2.4900682845516324
d1_mbp_invasive_max,4,HIGH,NOTICEABLE_MEAN_MEDIAN_DIFFERENCE | VERY_HIGH_SKEWNESS,numeric,"The patient's highest mean blood pressure during the first 24 hours of their unit stay, invasively measured",73.90119176125522,285,114.8897476604278,101.0,12.867445361300744,2.401804405356461
d1_glucose_max,4,HIGH,NOTICEABLE_MEAN_MEDIAN_DIFFERENCE | VERY_HIGH_SKEWNESS,numeric,The highest glucose concentration of the patient in their serum or plasma during the first 24 hours of their unit stay,6.331708699966199,538,174.63802295532327,150.0,15.178766018245469,2.0576270134750536
urineoutput_apache,4,HIGH,LARGE_MEAN_MEDIAN_DIFFERENCE | HIGH_SKEWNESS,numeric,The total urine output for the first 24 hours,53.4253595455388,24772,1738.2768306148191,1386.2016,22.536576163564003,1.727689298769697
h1_arterial_po2_min,4,HIGH,LARGE_MEAN_MEDIAN_DIFFERENCE | HIGH_SKEWNESS,numeric,The lowest arterial partial pressure of oxygen for the patient during the first hour of their unit stay,82.80723561545256,1729,144.15422406139012,107.0,29.58678015489673,1.6576790426492847
apache_4a_hospital_death_prob,4,HIGH,LARGE_MEAN_MEDIAN_DIFFERENCE | HIGH_SKEWNESS,numeric,"The APACHE IVa probabilistic prediction of in-hospital mortality for the patient which utilizes the APACHE III score and other covariates, including diagnosis.",8.665074744038467,101,0.08678688250602871,0.05,53.78714951619338,-1.4840473343799634
d1_arterial_po2_max,4,HIGH,LARGE_MEAN_MEDIAN_DIFFERENCE | HIGH_SKEWNESS,numeric,The highest arterial partial pressure of oxygen for the patient during the first 24 hours of their unit stay,64.61679369336953,2428,165.91398030877323,127.0,26.57024445726512,1.457698461761775
h1_arterial_po2_max,4,HIGH,LARGE_MEAN_MEDIAN_DIFFERENCE | HIGH_SKEWNESS,numeric,The highest arterial partial pressure of oxygen for the patient during the first hour of their unit stay,82.80723561545256,1737,163.84135432521563,120.0,30.891449506673162,1.3298460207030494
apache_3j_diagnosis,4,HIGH,LARGE_MEAN_MEDIAN_DIFFERENCE | HIGH_SKEWNESS,string,The APACHE III-J sub-diagnosis code which best describes the reason for the ICU admission,1.2004841189362467,399,558.2163765284952,409.02,30.850034210660148,1.0133973662248108
d1_spo2_max,3,MEDIUM,VERY_HIGH_SKEWNESS,numeric,The patient's highest peripheral oxygen saturation during the first 24 hours of their unit stay,0.36308920218507734,43,99.24183628802801,100.0,0.7610487095450895,-19.302724087494916
h1_spo2_max,3,MEDIUM,VERY_HIGH_SKEWNESS,numeric,The patient's highest peripheral oxygen saturation during the first hour of their unit stay,4.563148081515162,72,98.04463714468513,99.0,0.969691811113209,-10.808824170077035
h1_spo2_min,3,MEDIUM,VERY_HIGH_SKEWNESS,numeric,The patient's lowest peripheral oxygen saturation during the first hour of their unit stay,4.563148081515162,100,95.17430993510648,96.0,0.8638085997787041,-6.769661706670806
d1_spo2_min,3,MEDIUM,VERY_HIGH_SKEWNESS,numeric,The patient's lowest peripheral oxygen saturation during the first 24 hours of their unit stay,0.36308920218507734,101,90.4548260013132,92.0,1.6937606228904958,-4.77425077150704
h1_mbp_invasive_max,3,MEDIUM,VERY_HIGH_SKEWNESS,numeric,"The patient's highest mean blood pressure during the first hour of their unit stay, invasively measured",81.60675149651631,247,94.88363269903373,90.0,5.282925944000287,3.311216787574056
d1_temp_min,3,MEDIUM,VERY_HIGH_SKEWNESS,numeric,The patient's lowest core temperature during the first 24 hours of their unit stay,2.5339919095439036,209,36.26839055056483,36.4,0.36221924949222495,-2.853370780037881
glucose_apache,3,MEDIUM,NOTICEABLE_MEAN_MEDIAN_DIFFERENCE | HIGH_SKEWNESS,numeric,The glucose concentration measured during the first 24 hours which results in the highest APACHE III score,12.033190496439982,565,160.3268217707649,133.0,18.63233754472056,1.8422394805114006
d1_wbc_max,3,MEDIUM,NOTICEABLE_MEAN_MEDIAN_DIFFERENCE | HIGH_SKEWNESS,numeric,The highest white blood cell count for the patient during the first 24 hours of their unit stay,14.364375824583211,3098,12.476301709978483,11.0,12.57695294784006,1.7276204199998486
d1_wbc_min,3,MEDIUM,NOTICEABLE_MEAN_MEDIAN_DIFFERENCE | HIGH_SKEWNESS,numeric,The lowest white blood cell count for the patient during the first 24 hours of their unit stay,14.364375824583211,2774,11.313535542851323,10.1,11.334284713730508,1.7041184913563674
wbc_apache,3,MEDIUM,NOTICEABLE_MEAN_MEDIAN_DIFFERENCE | HIGH_SKEWNESS,numeric,The white blood cell count measured during the first 24 hours which results in the highest APACHE III score,24.000959515008777,3075,12.133332807276798,10.4,15.38461107463911,1.678507660986975
h1_wbc_min,3,MEDIUM,NOTICEABLE_MEAN_MEDIAN_DIFFERENCE | HIGH_SKEWNESS,numeric,The lowest white blood cell count for the patient during the first hour of their unit stay,82.81595847916871,2072,13.423474974619289,12.1,10.370648792418443,1.330382396250643
h1_wbc_max,3,MEDIUM,NOTICEABLE_MEAN_MEDIAN_DIFFERENCE | HIGH_SKEWNESS,numeric,The highest white blood cell count for the patient during the first hour of their unit stay,82.81595847916871,2075,13.46021192893401,12.12,10.478505281014383,1.3249022338333991
map_apache,3,MEDIUM,LARGE_MEAN_MEDIAN_DIFFERENCE | NOTICEABLE_SKEWNESS,numeric,The mean arterial pressure measured during the first 24 hours which results in the highest APACHE III score,1.0838158167326335,161,88.01587319084206,67.0,27.11447899915274,0.6983194657562418
apache_2_diagnosis,3,MEDIUM,LARGE_MEAN_MEDIAN_DIFFERENCE | NOTICEABLE_SKEWNESS,string,The APACHE II diagnosis for the ICU admission,1.8121749370318276,44,185.40173901455842,122.0,41.2500848029072,0.5074104559285578
h1_resprate_min,2,MEDIUM,HIGH_SKEWNESS,numeric,The patient's lowest respiratory rate during the first hour of their unit stay,4.750689651412559,91,17.211525252987773,16.0,7.295812184228316,1.8806495966931212
d1_diasbp_invasive_max,2,MEDIUM,HIGH_SKEWNESS,numeric,"The patient's highest diastolic blood pressure during the first 24 hours of their unit stay, invasively measured",74.12689585991082,145,78.75700619495133,75.0,4.886939838289715,1.5958658389781422
h1_arterial_pco2_min,2,MEDIUM,HIGH_SKEWNESS,numeric,The lowest arterial partial pressure of carbon dioxide for the patient during the first hour of their unit stay,82.82250062695583,768,43.383452773898696,41.0,5.649099901813784,1.590903030615158
h1_arterial_pco2_max,2,MEDIUM,HIGH_SKEWNESS,numeric,The highest arterial partial pressure of carbon dioxide for the patient during the first hour of their unit stay,82.82250062695583,779,44.668443887266726,42.1,5.920225769183452,1.5731605727237823
d1_arterial_pco2_max,2,MEDIUM,HIGH_SKEWNESS,numeric,The highest arterial partial pressure of carbon dioxide for the patient during the first 24 hours of their unit stay,64.62660691505022,831,45.248924234017636,42.8,5.562644303316767,1.5649384000250963
h1_resprate_max,2,MEDIUM,HIGH_SKEWNESS,numeric,The patient's highest respiratory rate during the first hour of their unit stay,4.750689651412559,50,22.63361417647328,21.0,7.487870107968756,1.5260155307553676
bmi,2,MEDIUM,HIGH_SKEWNESS,string,The body mass index of the person on unit admission,3.738837460338229,34888,29.18581766857505,27.65465458,5.387580461608278,1.4408329750701059
d1_glucose_min,2,MEDIUM,HIGH_SKEWNESS,numeric,The lowest glucose concentration of the patient in their serum or plasma during the first 24 hours of their unit stay,6.331708699966199,256,114.38093963169045,107.0,6.668089532883957,1.3817086272879808
paco2_apache,2,MEDIUM,HIGH_SKEWNESS,numeric,The partial pressure of carbon dioxide from the arterial blood gas taken during the first 24 hours of unit admission which produces the highest APACHE III score for oxygenation,77.27148822958577,704,42.1832381866155,40.0,5.313098473092444,1.377842885530094
paco2_for_ph_apache,2,MEDIUM,HIGH_SKEWNESS,numeric,The partial pressure of carbon dioxide from the arterial blood gas taken during the first 24 hours of unit admission which produces the highest APACHE III score for acid-base disturbance,77.27148822958577,704,42.1832381866155,40.0,5.313098473092444,1.377842885530094
d1_arterial_pco2_min,2,MEDIUM,HIGH_SKEWNESS,numeric,The lowest arterial partial pressure of carbon dioxide for the patient during the first 24 hours of their unit stay,64.62660691505022,674,38.43386178410702,37.0,3.801639609041254,1.2123162186618566
h1_platelets_max,2,MEDIUM,HIGH_SKEWNESS,numeric,The highest platelet count for the patient during the first hour of their unit stay,82.51065824910319,544,196.09600997506234,181.0,8.00645436479726,1.1946668343332414
h1_platelets_min,2,MEDIUM,HIGH_SKEWNESS,numeric,The lowest platelet count for the patient during the first hour of their unit stay,82.51065824910319,545,195.48154613466335,181.0,7.693097461665999,1.1917251220128193
d1_sysbp_invasive_max,2,MEDIUM,HIGH_SKEWNESS,numeric,"The patient's highest systolic blood pressure during the first 24 hours of their unit stay, invasively measured",74.09963691079781,225,154.27431169487244,151.0,2.1451603161062405,1.1300076087883983
weight,2,MEDIUM,HIGH_SKEWNESS,numeric,The weight (body mass) of the person on unit admission,2.965773663493725,3409,84.02833953232276,80.3,4.537670791214212,1.0690697791620545
d1_potassium_max,2,MEDIUM,HIGH_SKEWNESS,numeric,The highest potassium concentration for the patient in their serum or plasma during the first 24 hours of their unit stay,10.451081089921821,100,4.251594462302746,4.2,1.2209403215659835,1.0486621000149274
d1_platelets_max,2,MEDIUM,HIGH_SKEWNESS,numeric,The highest platelet count for the patient during the first 24 hours of their unit stay,14.658772475003543,559,207.1056740216433,196.0,5.5100559170233945,1.0445771406901074
d1_arterial_ph_min,2,MEDIUM,HIGH_SKEWNESS,numeric,The lowest arterial pH for the patient during the first 24 hours of their unit stay,65.55559190082104,624,7.324530060145616,7.34,0.21098446102173202,-1.0331545140335325
h1_arterial_ph_min,2,MEDIUM,HIGH_SKEWNESS,numeric,The lowest arterial pH for the patient during the first hour of their unit stay,83.32951708045752,579,7.327882529923475,7.34,0.16522453124102587,-1.0013952049877106
aids,1,LOW,LOW_UNIQUE_VALUES,binary,Whether the patient has a definitive diagnosis of acquired immune deficiency syndrome (AIDS) (not HIV positive alone),0.7796059446316226,2,0.0008571616958614475,0.0,200.0,34.11275783817229
lymphoma,1,LOW,LOW_UNIQUE_VALUES,binary,Whether the patient has been diagnosed with non-Hodgkin lymphoma.,0.7796059446316226,2,0.004131958944152619,0.0,200.0,15.460529963022601
leukemia,1,LOW,LOW_UNIQUE_VALUES,binary,"Whether the patient has been diagnosed with acute or chronic myelogenous leukemia, acute or chronic lymphocytic leukemia, or multiple myeloma.",0.7796059446316226,2,0.00706608936460142,0.0,200.0,11.76999060338227
gcs_unable_apache,1,LOW,LOW_UNIQUE_VALUES,binary,Whether the Glasgow Coma Scale was unable to be assessed due to patient sedation,1.1307012092069826,2,0.009528430896819444,0.0,200.0,10.097626827854358
hepatic_failure,1,LOW,LOW_UNIQUE_VALUES,binary,"Whether the patient has cirrhosis and additional complications including jaundice and ascites, upper GI bleeding, hepatic encephalopathy, or coma.",0.7796059446316226,2,0.012989296468054244,0.0,200.0,8.60244520661668
cirrhosis,1,LOW,LOW_UNIQUE_VALUES,binary,"Whether the patient has a history of heavy alcohol use with portal hypertension and varices, other causes of cirrhosis with evidence of portal hypertension and varices, or biopsy proven cirrhosis. This comorbidity does not apply to patients with a functioning liver transplant.",0.7796059446316226,2,0.015692652585771117,0.0,200.0,7.793717662014988
solid_tumor_with_metastasis,1,LOW,LOW_UNIQUE_VALUES,binary,Whether the patient has been diagnosed with any solid tumor carcinoma (including malignant melanoma) which has evidence of metastasis.,0.7796059446316226,2,0.020637816215741005,0.0,200.0,6.743686756853128
immunosuppression,1,LOW,LOW_UNIQUE_VALUES,binary,"Whether the patient has their immune system suppressed within six months prior to ICU admission for any of the following reasons; radiation therapy, chemotherapy, use of non-cytotoxic immunosuppressive drugs, high dose steroids (at least 0.3 mg/kg/day of methylprednisolone or equivalent for at least 6 months).",0.7796059446316226,2,0.02616541022879624,0.0,200.0,5.936870055616927
arf_apache,1,LOW,LOW_UNIQUE_VALUES,binary,"Whether the patient had acute renal failure during the first 24 hours of their unit stay, defined as a 24 hour urine output <410ml, creatinine >=133 micromol/L and no chronic dialysis",0.7796059446316226,2,0.02797863689311853,0.0,200.0,5.724632717518299
gcs_motor_apache,1,LOW,LOW_UNIQUE_VALUES,integer,The motor component of the Glasgow Coma Scale measured during the first 24 hours which results in the highest APACHE III score,2.072770490552048,6,5.471195385917249,6.0,9.219695006362533,-2.7123756368455556
intubated_apache,1,LOW,LOW_UNIQUE_VALUES,binary,Whether the patient was intubated at the time of the highest scoring arterial blood gas used in the oxygenation score,0.7796059446316226,2,0.15122310380447923,0.0,200.0,1.9470585643933462
gcs_eyes_apache,1,LOW,LOW_UNIQUE_VALUES,integer,The eye opening component of the Glasgow Coma Scale measured during the first 24 hours which results in the highest APACHE III score,2.072770490552048,4,3.4650492139135083,4.0,14.332143586928797,-1.6843884799116704
elective_surgery,1,LOW,LOW_UNIQUE_VALUES,binary,Whether the patient was admitted to the hospital for an elective surgical operation,0.0,2,0.18373622060122338,0.0,200.0,1.633329864835995
apache_post_operative,1,LOW,LOW_UNIQUE_VALUES,binary,"The APACHE operative status; 1 for post-operative, 0 for non-operative",0.0,2,0.20110562297602302,0.0,200.0,1.491413447444204
diabetes_mellitus,1,LOW,LOW_UNIQUE_VALUES,binary,"Whether the patient has been diagnosed with diabetes, either juvenile or adult onset, which requires medication.",0.7796059446316226,2,0.22519176245631772,0.0,200.0,1.3158110729343842
gcs_verbal_apache,1,LOW,LOW_UNIQUE_VALUES,integer,The verbal component of the Glasgow Coma Scale measured during the first 24 hours which results in the highest APACHE III score,2.072770490552048,5,3.9947779806707344,5.0,22.35123582793106,-1.2035033380664226
h1_arterial_ph_max,1,LOW,NOTICEABLE_SKEWNESS,numeric,The highest arterial pH for the patient during the first hour of their unit stay,83.32951708045752,561,7.338362744456799,7.35,0.15845544865226083,-0.9966152600080612
temp_apache,1,LOW,NOTICEABLE_SKEWNESS,numeric,The temperature measured during the first 24 hours which results in the highest APACHE III score,4.47919051824714,191,36.414472461617486,36.5,0.2345968790421862,-0.9662992866831844
h1_potassium_min,1,LOW,NOTICEABLE_SKEWNESS,numeric,The lowest potassium concentration for the patient in their serum or plasma during the first hour of their unit stay,78.61698995780316,113,4.153006475957371,4.1,1.2845373649418417,0.9549754853954349
h1_potassium_max,1,LOW,NOTICEABLE_SKEWNESS,numeric,The highest potassium concentration for the patient in their serum or plasma during the first hour of their unit stay,78.61698995780316,115,4.20114425577482,4.1,2.436875029715524,0.9469273492541025
d1_platelets_min,1,LOW,NOTICEABLE_SKEWNESS,numeric,The lowest platelet count for the patient during the first 24 hours of their unit stay,14.658772475003543,540,196.7697792229363,187.0,5.091479189798803,0.9420020922332938
ph_apache,1,LOW,NOTICEABLE_SKEWNESS,numeric,The pH from the arterial blood gas taken during the first 24 hours of unit admission which produces the highest APACHE III score for acid-base disturbance,77.27148822958577,555,7.35389478819861,7.36,0.0829856661240664,-0.8790942825667741
h1_sodium_max,1,LOW,NOTICEABLE_SKEWNESS,numeric,The highest sodium concentration for the patient in their serum or plasma during the first hour of their unit stay,79.17852430953081,99,138.2396103896104,139.0,0.5485432686339576,-0.8776372711805844
h1_sodium_min,1,LOW,NOTICEABLE_SKEWNESS,numeric,The lowest sodium concentration for the patient in their serum or plasma during the first hour of their unit stay,79.17852430953081,113,137.90194805194807,138.0,0.07107738727054606,-0.8728799048806789
h1_diasbp_invasive_max,1,LOW,NOTICEABLE_SKEWNESS,numeric,"The patient's highest diastolic blood pressure during the first hour of their unit stay, invasively measured",81.69834156553597,103,67.97033065236819,66.0,2.9414432923673024,0.8676322322454098
d1_temp_max,1,LOW,NOTICEABLE_SKEWNESS,numeric,"The patient's highest core temperature during the first 24 hours of their unit stay, invasively measured",2.5339919095439036,186,37.28420064303214,37.11,0.4683178030718171,0.8526404659782869
d1_diasbp_max,1,LOW,NOTICEABLE_SKEWNESS,numeric,"The patient's highest diastolic blood pressure during the first 24 hours of their unit stay, either non-invasively or invasively measured",0.17990906414575905,120,88.49187311574256,86.0,2.856148050046634,0.8142118882558035
h1_temp_min,1,LOW,NOTICEABLE_SKEWNESS,numeric,The patient's lowest core temperature during the first hour of their unit stay,23.695659284943247,303,36.6076505689007,36.6,0.020901009228537486,-0.8113391346632899
d1_diasbp_noninvasive_max,1,LOW,NOTICEABLE_SKEWNESS,numeric,"The patient's highest diastolic blood pressure during the first 24 hours of their unit stay, non-invasively measured",1.1339722831005419,120,88.610512500965,87.0,1.8341868923776996,0.8107350585200546
d1_mbp_max,1,LOW,NOTICEABLE_SKEWNESS,numeric,"The patient's highest mean blood pressure during the first 24 hours of their unit stay, either non-invasively or invasively measured",0.2398787521943454,125,104.65133944673363,102.0,2.5660026727453547,0.8007272628799076
d1_pao2fio2ratio_max,1,LOW,NOTICEABLE_SKEWNESS,numeric,The highest fraction of inspired oxygen for the patient during the first 24 hours of their unit stay,71.97234852201979,5194,285.6670789427454,272.6666667,4.6568606480267425,0.7702549358460749
h1_pao2fio2ratio_max,1,LOW,NOTICEABLE_SKEWNESS,numeric,The highest fraction of inspired oxygen for the patient during the first hour of their unit stay,87.44125696466149,3142,244.40498172767062,223.3333333,9.010015964342823,0.761722478358949
d1_sodium_min,1,LOW,NOTICEABLE_SKEWNESS,numeric,The lowest sodium concentration for the patient in their serum or plasma during the first 24 hours of their unit stay,11.11619944827887,138,137.72214357565198,138.0,0.2015481388217037,-0.7508673055018381
d1_mbp_noninvasive_max,1,LOW,NOTICEABLE_SKEWNESS,numeric,"The patient's highest mean blood pressure during the first 24 hours of their unit stay, non-invasively measured",1.612639429524713,122,104.59045370924485,102.0,2.5078154994428314,0.7485151393169822
ventilated_apache,1,LOW,LOW_UNIQUE_VALUES,binary,"Whether the patient was invasively ventilated at the time of the highest scoring arterial blood gas using the oxygenation scoring algorithm, including any mode of positive pressure ventilation delivered through a circuit attached to an endo-tracheal tube or tracheostomy",0.7796059446316226,2,0.32572144442735007,0.0,200.0,0.7437693140050935
h1_pao2fio2ratio_min,1,LOW,NOTICEABLE_SKEWNESS,numeric,The lowest fraction of inspired oxygen for the patient during the first hour of their unit stay,87.44125696466149,3122,235.93305011669997,214.0,9.7494727764547,0.7107040335892995
h1_diasbp_max,1,LOW,NOTICEABLE_SKEWNESS,numeric,"The patient's highest diastolic blood pressure during the first hour of their unit stay, either non-invasively or invasively measured",3.946005473596982,107,75.35450768497287,74.0,1.8138156068645463,0.6922107437200131
h1_diasbp_noninvasive_max,1,LOW,NOTICEABLE_SKEWNESS,numeric,"The patient's highest diastolic blood pressure during the first hour of their unit stay, non-invasively measured",8.014131039220176,108,75.80593388096678,74.0,2.411031171037244,0.6837496880899995
d1_pao2fio2ratio_min,1,LOW,NOTICEABLE_SKEWNESS,numeric,The lowest fraction of inspired oxygen for the patient during the first 24 hours of their unit stay,71.97234852201979,4990,223.52303675338692,205.0,8.645059968641473,0.6806032569023106
h1_mbp_max,1,LOW,NOTICEABLE_SKEWNESS,numeric,"The patient's highest mean blood pressure during the first hour of their unit stay, either non-invasively or invasively measured",5.058170597407129,117,91.61294990467879,90.0,1.776249882539056,0.6739953056135447
h1_mbp_noninvasive_max,1,LOW,NOTICEABLE_SKEWNESS,numeric,"The patient's highest mean blood pressure during the first hour of their unit stay, non-invasively measured",9.904811749697426,115,91.59412554914134,90.0,1.755701671869282,0.6294313840072427
age,1,LOW,NOTICEABLE_SKEWNESS,numeric,The age of the patient on unit admission,4.610033473989511,74,62.309515917014345,65.0,4.226681821238603,-0.6244742018411362
d1_arterial_ph_max,1,LOW,NOTICEABLE_SKEWNESS,numeric,The highest arterial pH for the patient during the first 24 hours of their unit stay,65.55559190082104,527,7.38923615954416,7.392,0.037396607780414565,-0.6213159649607065
h1_sysbp_invasive_max,1,LOW,NOTICEABLE_SKEWNESS,numeric,"The patient's highest systolic blood pressure during the first hour of their unit stay, invasively measured",81.68416691199721,181,138.70282176449578,136.0,1.9678150716725615,0.5872449065574038
d1_heartrate_max,1,LOW,NOTICEABLE_SKEWNESS,numeric,The patient's highest heart rate during the first 24 hours of their unit stay,0.15810190485536402,120,103.00056788397694,101.0,1.9613356028643434,0.5733788664464559
h1_heartrate_max,1,LOW,NOTICEABLE_SKEWNESS,numeric,The patient's highest heart rate during the first hour of their unit stay,3.0420987210101074,119,92.22919829515423,90.0,2.446587392151757,0.5611341864467997
h1_sysbp_noninvasive_max,1,LOW,NOTICEABLE_SKEWNESS,numeric,"The patient's highest systolic blood pressure during the first hour of their unit stay, non-invasively measured",8.004317817539498,149,133.05468638884938,130.0,2.3224725100193924,0.5513907976770676
h1_sysbp_max,1,LOW,NOTICEABLE_SKEWNESS,numeric,"The patient's highest systolic blood pressure during the first hour of their unit stay, either non-invasively or invasively measured",3.937282609880824,149,133.24739506481123,131.0,1.7009780280028999,0.5493598105966481
d1_sysbp_max,1,LOW,NOTICEABLE_SKEWNESS,numeric,"The patient's highest systolic blood pressure during the first 24 hours of their unit stay, either non-invasively or invasively measured",0.17336691635864054,143,148.33974485003387,146.0,1.5898259687803746,0.5062394289303529
d1_sysbp_noninvasive_max,1,LOW,NOTICEABLE_SKEWNESS,numeric,"The patient's highest systolic blood pressure during the first 24 hours of their unit stay, non-invasively measured",1.119797629561785,143,148.23554903733762,146.0,1.5195642026612737,0.5042092525976452
fio2_apache,1,LOW,NOTICEABLE_MEAN_MEDIAN_DIFFERENCE,numeric,The fraction of inspired oxygen from the arterial blood gas taken during the first 24 hours of unit admission which produces the highest APACHE III score for oxygenation,77.27148822958577,82,0.5957514991604702,0.5,17.476863911905564,0.4766161749218329
readmission_status,1,LOW,LOW_UNIQUE_VALUES,binary,Whether the current unit stay is the second (or greater) stay at an ICU within the same hospitalization,0.0,1,0.0,0.0,0.0,0.0
h1_hco3_max,0,NO_REVIEW,,,,82.969698952166,214,22.496696331391256,23.0,2.212484462356362,-0.4583922057315234
h1_hco3_min,0,NO_REVIEW,,,,82.969698952166,198,22.42169793200589,23.0,2.546369221422763,-0.45024004053528877
h1_diasbp_invasive_min,0,NO_REVIEW,,,,81.69834156553597,86,56.14292523086089,55.0,2.0566765333679284,0.4378501553892082
d1_calcium_min,0,NO_REVIEW,,,,14.249888238308635,49,8.179575047047454,8.2,0.24939539510492117,-0.41781502919229635
h1_heartrate_min,0,NO_REVIEW,,,,3.0420987210101074,109,83.6637202973359,82.0,2.008551171433103,0.39055239373544876
h1_mbp_min,0,NO_REVIEW,,,,5.058170597407129,107,79.4000275627627,78.0,1.778941953748319,0.315949987066099
d1_mbp_invasive_min,0,NO_REVIEW,,,,73.90119176125522,118,62.318348930481285,62.0,0.5121511558350983,-0.3010756538033648
h1_diasbp_min,0,NO_REVIEW,,,,3.946005473596982,92,62.838150157786,62.0,1.3427788808575665,0.30036342093131413
h1_mbp_noninvasive_min,0,NO_REVIEW,,,,9.904811749697426,107,79.70931513149137,79.0,0.8938544418816183,0.296302836802101
h1_sysbp_min,0,NO_REVIEW,,,,3.937282609880824,142,116.36229597511975,115.0,1.177630062303884,0.2935973991696296
sodium_apache,0,NO_REVIEW,,,,20.280658140067384,119,137.96637260131578,138.0,0.024370649486920085,-0.2928185361050245
h1_sysbp_noninvasive_min,0,NO_REVIEW,,,,8.004317817539498,143,116.54962546816479,115.0,1.338482379344505,0.28461302175999204
h1_diasbp_noninvasive_min,0,NO_REVIEW,,,,8.014131039220176,93,63.270616265424415,62.0,2.0285942598577513,0.2816477382773259
h1_temp_max,0,NO_REVIEW,,,,23.695659284943247,294,36.71085759550635,36.7,0.02958035326646006,-0.27357970803429577
d1_potassium_min,0,NO_REVIEW,,,,10.451081089921821,116,3.9346583382037794,3.9,0.8847440873018462,0.27181691601183805
heart_rate_apache,0,NO_REVIEW,,,,0.957334292848342,149,99.70793196455111,104.0,4.213942966340447,-0.2673001474964833
d1_hco3_min,0,NO_REVIEW,,,,16.43278488327718,255,23.170486156415546,23.0,0.7385070880041237,-0.2648643589997304
resprate_apache,0,NO_REVIEW,,,,1.3455017282173738,74,25.811006973993965,28.0,8.135856023151328,0.25849416294592775
d1_hco3_max,0,NO_REVIEW,,,,16.43278488327718,223,24.366500091333734,24.0,1.515512144321573,0.24972471452638534
h1_albumin_max,0,NO_REVIEW,,,,91.39816601790368,37,3.0300798580301684,3.1,2.281214717887858,-0.24767537932259615
h1_albumin_min,0,NO_REVIEW,,,,91.39816601790368,37,3.0290784636836103,3.1,2.3142642645747924,-0.24743325274304578
h1_sysbp_invasive_min,0,NO_REVIEW,,,,81.68416691199721,168,114.83409929753543,112.0,2.4988300315623877,0.24128885025365182
d1_sysbp_min,0,NO_REVIEW,,,,0.17336691635864054,120,96.92387006575355,96.0,0.9577560987540507,0.22187248980075647
d1_sysbp_noninvasive_min,0,NO_REVIEW,,,,1.119797629561785,120,96.99331297002846,96.0,1.0293755309363648,0.2201214457135762
d1_mbp_min,0,NO_REVIEW,,,,0.2398787521943454,91,64.87185904932618,64.0,1.3530635093771222,0.20856893332904217
d1_albumin_min,0,NO_REVIEW,,,,53.53221462606174,35,2.900007039444353,2.9,0.00024273916584355542,-0.20176976552119158
d1_mbp_noninvasive_min,0,NO_REVIEW,,,,1.612639429524713,91,64.94154088259414,64.0,1.4604151247912356,0.1989051223775426
d1_albumin_max,0,NO_REVIEW,,,,53.53221462606174,35,2.9683318863364385,3.0,1.0612048480769198,-0.1970476733518518
d1_diasbp_invasive_min,0,NO_REVIEW,,,,74.12689585991082,85,46.738252770871085,46.0,1.5921213713074593,0.17356059884792063
d1_resprate_min,0,NO_REVIEW,,,,0.4197878163401045,55,12.846279344779257,13.0,1.189499294425862,0.16525709172849007
icu_id,0,NO_REVIEW,,,,0.0,241,508.3576919302607,504.0,0.8608996533531393,-0.16393995040574813
d1_hemaglobin_max,0,NO_REVIEW,,,,13.244578195021425,105,11.448195209008874,11.4,0.4218732251540897,0.15279363085365522
h1_mbp_invasive_min,0,NO_REVIEW,,,,81.60675149651631,133,75.9711304760211,74.0,2.6286798929428175,0.13119523897608512
d1_heartrate_min,0,NO_REVIEW,,,,0.15810190485536402,154,70.32184824392802,69.0,1.897546236414684,-0.11370930642086785
d1_hematocrit_max,0,NO_REVIEW,,,,12.707031718513187,312,34.531970171998154,34.5,0.09262424907907967,0.11075660366261376
albumin_apache,0,NO_REVIEW,,,,59.292575752619584,35,2.9029678041463542,2.9,0.10228573538642663,-0.10672123477895122
height,0,NO_REVIEW,,,,1.454537524669349,401,169.64158786886335,170.1,0.2698592974808739,-0.1014553419471262
d1_diasbp_min,0,NO_REVIEW,,,,0.17990906414575905,78,50.16131428321755,50.0,0.32210895867722994,0.09382416914864551
h1_hemaglobin_min,0,NO_REVIEW,,,,79.73024543957781,124,11.038961807423345,11.0,0.35357207625108017,0.08711972315830327
d1_diasbp_noninvasive_min,0,NO_REVIEW,,,,1.1339722831005419,78,50.24259702447255,50.0,0.4840198312366666,0.0858823759361824
d1_hematocrit_min,0,NO_REVIEW,,,,12.707031718513187,340,32.951813037884556,33.2,0.7503557369570896,-0.07469945799790215
h1_hemaglobin_max,0,NO_REVIEW,,,,79.73024543957781,124,11.18666487358795,11.1,0.7777285123594978,0.06709570607380867
d1_sodium_max,0,NO_REVIEW,,,,11.11619944827887,71,139.12410142545204,139.0,0.08924176280731523,0.054774204227875295
h1_hematocrit_min,0,NO_REVIEW,,,,80.05408175504019,361,33.22315639862242,33.0,0.6739527704755063,0.05257269238000625
hospital_id,0,NO_REVIEW,,,,0.0,147,105.66926171862222,109.0,3.103134798817673,-0.04568284481528574
h1_hematocrit_max,0,NO_REVIEW,,,,80.05408175504019,358,33.67367298966818,33.5,0.5170864773015726,0.040245305129432155
d1_sysbp_invasive_min,0,NO_REVIEW,,,,74.09963691079781,163,93.81375768291656,92.0,1.9522318535871404,0.040075473872497054
h1_calcium_max,0,NO_REVIEW,,,,82.71782626236194,59,8.283716088328076,8.3,0.19638435179659194,0.03266032123066671
d1_calcium_max,0,NO_REVIEW,,,,14.249888238308635,47,8.378880779207568,8.4,0.25173575127374404,-0.029334049232977014
h1_calcium_min,0,NO_REVIEW,,,,82.71782626236194,62,8.282291798107256,8.3,0.2135796680983057,0.02356126062251138
d1_hemaglobin_min,0,NO_REVIEW,,,,13.244578195021425,115,10.887875474448887,10.9,0.11129607900809287,-0.00792622767957669
hematocrit_apache,0,NO_REVIEW,,,,21.67413561872363,353,32.98873947240203,33.2,0.6383579118803393,-0.0007926945536439966
