feature,diagnosis_code,patient_count,death_count,mortality_rate
apache_2_diagnosis,113,11740,1854,15.7922
apache_2_diagnosis,301,6807,496,7.2866
apache_2_diagnosis,302,6702,237,3.5363
apache_2_diagnosis,112,4350,191,4.3908
apache_2_diagnosis,308,4114,92,2.2363
apache_2_diagnosis,117,3923,203,5.1746
apache_2_diagnosis,124,3906,208,5.3251
apache_2_diagnosis,122,3768,32,0.8493
apache_2_diagnosis,303,3329,317,9.5224
apache_2_diagnosis,110,3206,329,10.262
apache_2_diagnosis,304,3104,285,9.1817
apache_2_diagnosis,203,2631,76,2.8886
apache_2_diagnosis,202,2481,82,3.3051
apache_2_diagnosis,106,2476,374,15.105
apache_2_diagnosis,305,2275,131,5.7582
apache_2_diagnosis,114,2257,1126,49.8892
apache_2_diagnosis,121,2215,316,14.2664
apache_2_diagnosis,123,2064,16,0.7752
apache_2_diagnosis,102,1883,143,7.5943
apache_2_diagnosis,307,1818,68,3.7404
apache_2_diagnosis,119,1721,151,8.774
apache_2_diagnosis,<MISSING>,1662,136,8.1829
apache_2_diagnosis,120,1377,47,3.4132
apache_2_diagnosis,118,1355,59,4.3542
apache_2_diagnosis,108,1177,232,19.7111
apache_2_diagnosis,214,1167,136,11.6538
apache_2_diagnosis,109,1071,15,1.4006
apache_2_diagnosis,105,1037,59,5.6895
apache_2_diagnosis,213,750,32,4.2667
apache_2_diagnosis,207,643,29,4.5101
apache_2_diagnosis,306,638,58,9.0909
apache_2_diagnosis,218,553,12,2.17
apache_2_diagnosis,217,483,66,13.6646
apache_2_diagnosis,209,480,14,2.9167
apache_2_diagnosis,219,461,3,0.6508
apache_2_diagnosis,101,376,5,1.3298
apache_2_diagnosis,104,363,50,13.7741
apache_2_diagnosis,103,291,52,17.8694
apache_2_diagnosis,115,251,73,29.0837
apache_2_diagnosis,116,204,21,10.2941
apache_2_diagnosis,107,197,55,27.9188
apache_2_diagnosis,215,159,5,3.1447
apache_2_diagnosis,208,123,20,16.2602
apache_2_diagnosis,212,99,9,9.0909
apache_2_diagnosis,216,26,0,0.0
apache_3j_diagnosis,501.05,4481,804,17.9424
apache_3j_diagnosis,107.01,4350,191,4.3908
apache_3j_diagnosis,106.01,3923,203,5.1746
apache_3j_diagnosis,403.01,3789,349,9.2109
apache_3j_diagnosis,703.03,3106,24,0.7727
apache_3j_diagnosis,104.01,2956,319,10.7916
apache_3j_diagnosis,502.01,2842,298,10.4856
apache_3j_diagnosis,1207.01,2763,32,1.1582
apache_3j_diagnosis,102.01,2239,1125,50.2456
apache_3j_diagnosis,702.01,2064,16,0.7752
apache_3j_diagnosis,212.01,1997,303,15.1728
apache_3j_diagnosis,206.01,1883,143,7.5943
apache_3j_diagnosis,1206.03,1848,36,1.9481
apache_3j_diagnosis,305.02,1609,91,5.6557
apache_3j_diagnosis,501.02,1475,306,20.7458
apache_3j_diagnosis,111.01,1449,22,1.5183
apache_3j_diagnosis,410.01,1415,91,6.4311
apache_3j_diagnosis,407.01,1377,47,3.4132
apache_3j_diagnosis,306.01,1254,49,3.9075
apache_3j_diagnosis,501.06,1245,218,17.51
apache_3j_diagnosis,401.01,1243,217,17.4578
apache_3j_diagnosis,901.03,1237,100,8.0841
apache_3j_diagnosis,203.01,1177,232,19.7111
apache_3j_diagnosis,<MISSING>,1101,129,11.7166
apache_3j_diagnosis,108.01,1071,15,1.4006
apache_3j_diagnosis,207.01,1037,59,5.6895
apache_3j_diagnosis,1205.01,1000,10,1.0
apache_3j_diagnosis,501.01,992,105,10.5847
apache_3j_diagnosis,305.01,945,61,6.455
apache_3j_diagnosis,601.01,896,82,9.1518
apache_3j_diagnosis,704.01,813,38,4.674
apache_3j_diagnosis,211.09,726,92,12.6722
apache_3j_diagnosis,501.04,665,120,18.0451
apache_3j_diagnosis,109.09,633,56,8.8468
apache_3j_diagnosis,409.02,632,57,9.019
apache_3j_diagnosis,1404.01,630,65,10.3175
apache_3j_diagnosis,1212.03,541,24,4.4362
apache_3j_diagnosis,1401.01,537,71,13.2216
apache_3j_diagnosis,703.02,528,6,1.1364
apache_3j_diagnosis,109.04,521,11,2.1113
apache_3j_diagnosis,1505.01,465,11,2.3656
apache_3j_diagnosis,208.01,463,13,2.8078
apache_3j_diagnosis,1204.01,450,5,1.1111
apache_3j_diagnosis,211.03,425,76,17.8824
apache_3j_diagnosis,405.01,404,13,3.2178
apache_3j_diagnosis,1302.02,403,12,2.9777
apache_3j_diagnosis,105.02,389,12,3.0848
apache_3j_diagnosis,109.02,387,6,1.5504
apache_3j_diagnosis,0.25,387,2,0.5168
apache_3j_diagnosis,109.1,376,24,6.383
apache_3j_diagnosis,209.01,376,5,1.3298
apache_3j_diagnosis,802.01,374,24,6.4171
apache_3j_diagnosis,212.02,371,60,16.1725
apache_3j_diagnosis,201.01,363,50,13.7741
apache_3j_diagnosis,311.01,349,16,4.5845
apache_3j_diagnosis,109.03,335,14,4.1791
apache_3j_diagnosis,1504.03,311,3,0.9646
apache_3j_diagnosis,1405.02,301,10,3.3223
apache_3j_diagnosis,109.14,299,8,2.6756
apache_3j_diagnosis,204.01,291,52,17.8694
apache_3j_diagnosis,701.02,280,14,5.0
apache_3j_diagnosis,109.16,265,11,4.1509
apache_3j_diagnosis,408.02,262,13,4.9618
apache_3j_diagnosis,109.01,254,1,0.3937
apache_3j_diagnosis,1406.01,253,10,3.9526
apache_3j_diagnosis,309.01,250,35,14.0
apache_3j_diagnosis,110.01,250,10,4.0
apache_3j_diagnosis,101.01,249,72,28.9157
apache_3j_diagnosis,1102.01,245,14,5.7143
apache_3j_diagnosis,402.02,244,28,11.4754
apache_3j_diagnosis,1602.12,243,8,3.2922
apache_3j_diagnosis,601.06,242,23,9.5041
apache_3j_diagnosis,1904.01,236,13,5.5085
apache_3j_diagnosis,701.01,233,5,2.1459
apache_3j_diagnosis,704.07,208,7,3.3654
apache_3j_diagnosis,103.01,204,21,10.2941
apache_3j_diagnosis,1203.02,204,3,1.4706
apache_3j_diagnosis,202.01,197,55,27.9188
apache_3j_diagnosis,301.02,195,33,16.9231
apache_3j_diagnosis,1506.07,192,9,4.6875
apache_3j_diagnosis,1502.02,185,32,17.2973
apache_3j_diagnosis,1208.06,182,8,4.3956
apache_3j_diagnosis,601.05,172,14,8.1395
apache_3j_diagnosis,1304.09,168,5,2.9762
apache_3j_diagnosis,1208.01,164,0,0.0
apache_3j_diagnosis,301.01,156,35,22.4359
apache_3j_diagnosis,211.08,155,14,9.0323
apache_3j_diagnosis,1408.03,155,13,8.3871
apache_3j_diagnosis,307.01,151,11,7.2848
apache_3j_diagnosis,603.01,151,9,5.9603
apache_3j_diagnosis,1405.07,150,5,3.3333
apache_3j_diagnosis,211.1,149,29,19.4631
apache_3j_diagnosis,1405.04,148,2,1.3514
apache_3j_diagnosis,601.04,147,13,8.8435
apache_3j_diagnosis,1902.05,147,5,3.4014
apache_3j_diagnosis,211.04,146,14,9.589
apache_3j_diagnosis,211.02,145,25,17.2414
apache_3j_diagnosis,109.08,145,12,8.2759
apache_3j_diagnosis,1802.01,140,0,0.0
apache_3j_diagnosis,1204.02,139,11,7.9137
apache_3j_diagnosis,1208.16,136,6,4.4118
apache_3j_diagnosis,703.01,134,2,1.4925
apache_3j_diagnosis,902.01,131,0,0.0
apache_3j_diagnosis,1408.06,129,7,5.4264
apache_3j_diagnosis,308.01,129,7,5.4264
apache_3j_diagnosis,109.11,129,3,2.3256
apache_3j_diagnosis,1211.01,126,7,5.5556
apache_3j_diagnosis,105.01,123,10,8.1301
apache_3j_diagnosis,602.12,122,7,5.7377
apache_3j_diagnosis,1410.01,118,24,20.339
apache_3j_diagnosis,1902.03,118,6,5.0847
apache_3j_diagnosis,1705.03,118,4,3.3898
apache_3j_diagnosis,602.09,117,4,3.4188
apache_3j_diagnosis,1202.07,114,9,7.8947
apache_3j_diagnosis,601.08,113,10,8.8496
apache_3j_diagnosis,1408.08,113,6,5.3097
apache_3j_diagnosis,109.05,111,7,6.3063
apache_3j_diagnosis,1503.02,111,3,2.7027
apache_3j_diagnosis,1301.02,110,1,0.9091
apache_3j_diagnosis,1501.01,109,28,25.6881
apache_3j_diagnosis,1208.1,108,1,0.9259
apache_3j_diagnosis,1303.01,107,1,0.9346
apache_3j_diagnosis,601.03,104,5,4.8077
apache_3j_diagnosis,1304.05,104,4,3.8462
apache_3j_diagnosis,211.12,101,15,14.8515
apache_3j_diagnosis,605.01,100,7,7.0
apache_3j_diagnosis,1212.01,100,4,4.0
apache_3j_diagnosis,1208.13,100,2,2.0
apache_3j_diagnosis,1206.01,99,8,8.0808
apache_3j_diagnosis,602.11,99,3,3.0303
apache_3j_diagnosis,303.01,98,7,7.1429
apache_3j_diagnosis,1207.03,98,3,3.0612
apache_3j_diagnosis,404.03,97,6,6.1856
apache_3j_diagnosis,1303.02,95,3,3.1579
apache_3j_diagnosis,213.01,93,9,9.6774
apache_3j_diagnosis,901.04,92,1,1.087
apache_3j_diagnosis,307.02,91,11,12.0879
apache_3j_diagnosis,1701.02,89,3,3.3708
apache_3j_diagnosis,1202.05,88,1,1.1364
apache_3j_diagnosis,1505.02,88,1,1.1364
apache_3j_diagnosis,1413.01,87,7,8.046
apache_3j_diagnosis,1207.02,87,2,2.2989
apache_3j_diagnosis,1801.01,85,1,1.1765
apache_3j_diagnosis,1703.04,84,3,3.5714
apache_3j_diagnosis,1208.03,83,0,0.0
apache_3j_diagnosis,1902.02,80,10,12.5
apache_3j_diagnosis,1304.1,80,2,2.5
apache_3j_diagnosis,1304.08,80,1,1.25
apache_3j_diagnosis,704.1,78,1,1.2821
apache_3j_diagnosis,1405.03,76,8,10.5263
apache_3j_diagnosis,801.01,76,7,9.2105
apache_3j_diagnosis,1408.01,76,2,2.6316
apache_3j_diagnosis,1211.02,76,1,1.3158
apache_3j_diagnosis,402.01,75,14,18.6667
apache_3j_diagnosis,1209.02,75,12,16.0
apache_3j_diagnosis,1506.06,75,0,0.0
apache_3j_diagnosis,1602.19,71,5,7.0423
apache_3j_diagnosis,313.01,70,5,7.1429
apache_3j_diagnosis,408.01,70,2,2.8571
apache_3j_diagnosis,1506.09,70,1,1.4286
apache_3j_diagnosis,602.06,68,1,1.4706
apache_3j_diagnosis,604.06,67,5,7.4627
apache_3j_diagnosis,901.01,65,11,16.9231
apache_3j_diagnosis,1601.01,65,10,15.3846
apache_3j_diagnosis,1409.01,64,5,7.8125
apache_3j_diagnosis,1506.03,63,0,0.0
apache_3j_diagnosis,2201.05,61,1,1.6393
apache_3j_diagnosis,109.06,60,10,16.6667
apache_3j_diagnosis,1208.09,60,0,0.0
apache_3j_diagnosis,1202.03,58,6,10.3448
apache_3j_diagnosis,1101.07,58,3,5.1724
apache_3j_diagnosis,1503.01,57,0,0.0
apache_3j_diagnosis,1504.04,57,0,0.0
apache_3j_diagnosis,310.01,56,8,14.2857
apache_3j_diagnosis,1903.03,56,1,1.7857
apache_3j_diagnosis,602.07,56,0,0.0
apache_3j_diagnosis,1903.02,53,0,0.0
apache_3j_diagnosis,109.07,52,1,1.9231
apache_3j_diagnosis,406.04,52,1,1.9231
apache_3j_diagnosis,602.15,52,0,0.0
apache_3j_diagnosis,1801.02,51,0,0.0
apache_3j_diagnosis,1506.04,50,2,4.0
apache_3j_diagnosis,602.01,50,0,0.0
apache_3j_diagnosis,1408.13,49,2,4.0816
apache_3j_diagnosis,1701.01,49,2,4.0816
apache_3j_diagnosis,1210.01,48,8,16.6667
apache_3j_diagnosis,801.04,48,8,16.6667
apache_3j_diagnosis,1208.07,48,2,4.1667
apache_3j_diagnosis,901.06,48,2,4.1667
apache_3j_diagnosis,1408.09,48,1,2.0833
apache_3j_diagnosis,1902.01,47,2,4.2553
apache_3j_diagnosis,406.03,47,2,4.2553
apache_3j_diagnosis,1602.14,47,1,2.1277
apache_3j_diagnosis,1301.01,46,1,2.1739
apache_3j_diagnosis,1504.05,46,0,0.0
apache_3j_diagnosis,1902.04,46,0,0.0
apache_3j_diagnosis,1209.01,45,5,11.1111
apache_3j_diagnosis,109.13,45,3,6.6667
apache_3j_diagnosis,1302.03,45,2,4.4444
apache_3j_diagnosis,1409.02,45,2,4.4444
apache_3j_diagnosis,406.02,45,1,2.2222
apache_3j_diagnosis,1602.04,44,3,6.8182
apache_3j_diagnosis,1408.04,44,2,4.5455
apache_3j_diagnosis,0.23,44,0,0.0
apache_3j_diagnosis,1212.02,43,4,9.3023
apache_3j_diagnosis,1405.06,43,4,9.3023
apache_3j_diagnosis,602.04,43,3,6.9767
apache_3j_diagnosis,307.05,43,2,4.6512
apache_3j_diagnosis,604.02,43,2,4.6512
apache_3j_diagnosis,704.08,43,1,2.3256
apache_3j_diagnosis,313.04,43,0,0.0
apache_3j_diagnosis,602.21,42,4,9.5238
apache_3j_diagnosis,404.01,42,2,4.7619
apache_3j_diagnosis,1408.07,41,1,2.439
apache_3j_diagnosis,604.04,41,0,0.0
apache_3j_diagnosis,1703.05,40,3,7.5
apache_3j_diagnosis,501.03,40,3,7.5
apache_3j_diagnosis,0.22,40,1,2.5
apache_3j_diagnosis,602.19,38,4,10.5263
apache_3j_diagnosis,1403.03,37,6,16.2162
apache_3j_diagnosis,901.02,37,1,2.7027
apache_3j_diagnosis,1903.01,37,0,0.0
apache_3j_diagnosis,1208.08,36,1,2.7778
apache_3j_diagnosis,313.03,36,1,2.7778
apache_3j_diagnosis,1407.01,35,1,2.8571
apache_3j_diagnosis,602.14,35,1,2.8571
apache_3j_diagnosis,1506.01,34,2,5.8824
apache_3j_diagnosis,1602.01,34,1,2.9412
apache_3j_diagnosis,1304.07,33,2,6.0606
apache_3j_diagnosis,1504.01,33,0,0.0
apache_3j_diagnosis,1101.04,32,1,3.125
apache_3j_diagnosis,1302.01,32,0,0.0
apache_3j_diagnosis,801.03,31,5,16.129
apache_3j_diagnosis,1304.02,31,1,3.2258
apache_3j_diagnosis,1304.04,31,0,0.0
apache_3j_diagnosis,211.06,30,6,20.0
apache_3j_diagnosis,313.02,30,1,3.3333
apache_3j_diagnosis,602.16,30,0,0.0
apache_3j_diagnosis,1602.06,29,4,13.7931
apache_3j_diagnosis,109.12,29,0,0.0
apache_3j_diagnosis,1403.01,29,0,0.0
apache_3j_diagnosis,312.05,28,8,28.5714
apache_3j_diagnosis,602.02,28,1,3.5714
apache_3j_diagnosis,604.05,28,1,3.5714
apache_3j_diagnosis,109.15,28,0,0.0
apache_3j_diagnosis,1208.04,28,0,0.0
apache_3j_diagnosis,404.02,28,0,0.0
apache_3j_diagnosis,301.03,27,5,18.5185
apache_3j_diagnosis,1703.03,27,1,3.7037
apache_3j_diagnosis,602.08,26,2,7.6923
apache_3j_diagnosis,1704.01,26,0,0.0
apache_3j_diagnosis,801.02,25,4,16.0
apache_3j_diagnosis,1411.01,25,2,8.0
apache_3j_diagnosis,211.01,25,2,8.0
apache_3j_diagnosis,601.02,25,2,8.0
apache_3j_diagnosis,1803.02,25,0,0.0
apache_3j_diagnosis,602.13,25,0,0.0
apache_3j_diagnosis,903.01,25,0,0.0
apache_3j_diagnosis,313.05,24,5,20.8333
apache_3j_diagnosis,602.2,24,3,12.5
apache_3j_diagnosis,211.05,23,6,26.087
apache_3j_diagnosis,1412.01,23,2,8.6957
apache_3j_diagnosis,1208.05,23,0,0.0
apache_3j_diagnosis,1601.06,22,3,13.6364
apache_3j_diagnosis,211.11,22,3,13.6364
apache_3j_diagnosis,312.01,22,2,9.0909
apache_3j_diagnosis,601.07,22,2,9.0909
apache_3j_diagnosis,1403.02,22,1,4.5455
apache_3j_diagnosis,1506.05,22,1,4.5455
apache_3j_diagnosis,0.24,22,0,0.0
apache_3j_diagnosis,312.03,21,5,23.8095
apache_3j_diagnosis,1208.14,21,3,14.2857
apache_3j_diagnosis,1502.01,21,3,14.2857
apache_3j_diagnosis,1408.05,21,2,9.5238
apache_3j_diagnosis,802.09,21,1,4.7619
apache_3j_diagnosis,409.01,21,0,0.0
apache_3j_diagnosis,602.17,21,0,0.0
apache_3j_diagnosis,1208.11,20,1,5.0
apache_3j_diagnosis,704.06,20,0,0.0
apache_3j_diagnosis,1405.05,19,2,10.5263
apache_3j_diagnosis,1202.08,19,1,5.2632
apache_3j_diagnosis,1703.02,19,1,5.2632
apache_3j_diagnosis,1602.02,19,0,0.0
apache_3j_diagnosis,102.02,18,1,5.5556
apache_3j_diagnosis,1208.15,18,0,0.0
apache_3j_diagnosis,1701.03,18,0,0.0
apache_3j_diagnosis,1506.11,17,1,5.8824
apache_3j_diagnosis,1602.09,17,1,5.8824
apache_3j_diagnosis,1602.11,17,1,5.8824
apache_3j_diagnosis,1605.01,17,1,5.8824
apache_3j_diagnosis,1705.02,17,1,5.8824
apache_3j_diagnosis,1413.02,16,1,6.25
apache_3j_diagnosis,1601.04,16,1,6.25
apache_3j_diagnosis,1602.17,15,3,20.0
apache_3j_diagnosis,0.19,15,2,13.3333
apache_3j_diagnosis,0.2,15,1,6.6667
apache_3j_diagnosis,704.04,15,1,6.6667
apache_3j_diagnosis,0.11,15,0,0.0
apache_3j_diagnosis,1304.01,15,0,0.0
apache_3j_diagnosis,1602.15,15,0,0.0
apache_3j_diagnosis,901.05,15,0,0.0
apache_3j_diagnosis,1203.01,14,0,0.0
apache_3j_diagnosis,1504.02,14,0,0.0
apache_3j_diagnosis,704.09,14,0,0.0
apache_3j_diagnosis,802.04,13,5,38.4615
apache_3j_diagnosis,802.03,13,2,15.3846
apache_3j_diagnosis,1405.01,13,1,7.6923
apache_3j_diagnosis,602.1,13,0,0.0
apache_3j_diagnosis,1202.04,12,0,0.0
apache_3j_diagnosis,1506.1,12,0,0.0
apache_3j_diagnosis,2201.01,12,0,0.0
apache_3j_diagnosis,2201.03,12,0,0.0
apache_3j_diagnosis,1403.04,11,2,18.1818
apache_3j_diagnosis,1208.12,11,1,9.0909
apache_3j_diagnosis,1802.02,11,1,9.0909
apache_3j_diagnosis,604.03,11,1,9.0909
apache_3j_diagnosis,1506.08,11,0,0.0
apache_3j_diagnosis,1602.07,11,0,0.0
apache_3j_diagnosis,1703.01,11,0,0.0
apache_3j_diagnosis,602.05,11,0,0.0
apache_3j_diagnosis,312.02,10,1,10.0
apache_3j_diagnosis,1602.13,10,0,0.0
apache_3j_diagnosis,1604.03,10,0,0.0
apache_3j_diagnosis,1604.05,10,0,0.0
apache_3j_diagnosis,2201.02,10,0,0.0
apache_3j_diagnosis,802.02,10,0,0.0
apache_3j_diagnosis,312.04,9,4,44.4444
apache_3j_diagnosis,210.01,9,1,11.1111
apache_3j_diagnosis,604.01,9,1,11.1111
apache_3j_diagnosis,1304.06,9,0,0.0
apache_3j_diagnosis,1602.21,9,0,0.0
apache_3j_diagnosis,802.08,9,0,0.0
apache_3j_diagnosis,1703.08,8,0,0.0
apache_3j_diagnosis,704.02,8,0,0.0
apache_3j_diagnosis,1210.02,7,3,42.8571
apache_3j_diagnosis,211.07,7,1,14.2857
apache_3j_diagnosis,1601.08,6,3,50.0
apache_3j_diagnosis,1601.03,6,2,33.3333
apache_3j_diagnosis,210.02,6,1,16.6667
apache_3j_diagnosis,1408.12,6,0,0.0
apache_3j_diagnosis,1703.07,6,0,0.0
apache_3j_diagnosis,2101.01,6,0,0.0
apache_3j_diagnosis,1208.18,5,1,20.0
apache_3j_diagnosis,1602.16,5,1,20.0
apache_3j_diagnosis,0.14,5,0,0.0
apache_3j_diagnosis,1601.05,5,0,0.0
apache_3j_diagnosis,1602.05,5,0,0.0
apache_3j_diagnosis,2201.04,5,0,0.0
apache_3j_diagnosis,307.04,5,0,0.0
apache_3j_diagnosis,406.01,5,0,0.0
apache_3j_diagnosis,704.05,5,0,0.0
apache_3j_diagnosis,802.05,4,2,50.0
apache_3j_diagnosis,1705.04,4,1,25.0
apache_3j_diagnosis,0.04,4,0,0.0
apache_3j_diagnosis,1602.2,4,0,0.0
apache_3j_diagnosis,307.03,4,0,0.0
apache_3j_diagnosis,602.03,4,0,0.0
apache_3j_diagnosis,0.18,3,1,33.3333
apache_3j_diagnosis,1601.02,3,1,33.3333
apache_3j_diagnosis,1101.01,3,0,0.0
apache_3j_diagnosis,1101.02,3,0,0.0
apache_3j_diagnosis,1202.06,3,0,0.0
apache_3j_diagnosis,1208.02,3,0,0.0
apache_3j_diagnosis,1304.03,3,0,0.0
apache_3j_diagnosis,1408.02,3,0,0.0
apache_3j_diagnosis,1506.02,3,0,0.0
apache_3j_diagnosis,1602.03,3,0,0.0
apache_3j_diagnosis,1701.04,3,0,0.0
apache_3j_diagnosis,2101.03,3,0,0.0
apache_3j_diagnosis,802.06,3,0,0.0
apache_3j_diagnosis,101.02,2,1,50.0
apache_3j_diagnosis,0.09,2,0,0.0
apache_3j_diagnosis,0.15,2,0,0.0
apache_3j_diagnosis,0.21,2,0,0.0
apache_3j_diagnosis,1101.03,2,0,0.0
apache_3j_diagnosis,1101.09,2,0,0.0
apache_3j_diagnosis,1202.02,2,0,0.0
apache_3j_diagnosis,1408.11,2,0,0.0
apache_3j_diagnosis,1602.1,2,0,0.0
apache_3j_diagnosis,1604.01,2,0,0.0
apache_3j_diagnosis,1604.04,2,0,0.0
apache_3j_diagnosis,1705.05,2,0,0.0
apache_3j_diagnosis,408.03,2,0,0.0
apache_3j_diagnosis,802.07,2,0,0.0
apache_3j_diagnosis,0.01,1,0,0.0
apache_3j_diagnosis,0.02,1,0,0.0
apache_3j_diagnosis,0.03,1,0,0.0
apache_3j_diagnosis,0.06,1,0,0.0
apache_3j_diagnosis,0.13,1,0,0.0
apache_3j_diagnosis,1101.05,1,0,0.0
apache_3j_diagnosis,1202.01,1,0,0.0
apache_3j_diagnosis,1208.17,1,0,0.0
apache_3j_diagnosis,1408.1,1,0,0.0
apache_3j_diagnosis,1602.08,1,0,0.0
apache_3j_diagnosis,1604.02,1,0,0.0
apache_3j_diagnosis,1803.01,1,0,0.0
apache_3j_diagnosis,301.04,1,0,0.0
apache_3j_diagnosis,602.18,1,0,0.0
apache_3j_diagnosis,704.11,1,0,0.0
apache_3j_diagnosis,901.07,1,0,0.0
