feature,semantic_type,missing_percent,final_data_status,baseline_status,missing_strategy,encoding_strategy,cleaning_action,special_value_action,redundancy_status,redundancy_with,leakage_status,decision_reason,baseline_reason,level2_evidence,future_experiment,requires_review,review_reason
encounter_id,IDENTIFIER,0.0,DROP,DROP,NONE,NONE,NONE,NONE,NONE,,NONE,PURE_IDENTIFIER,FINAL_DATA_DROP,NONE,NONE,False,
patient_id,IDENTIFIER,0.0,DROP,DROP,NONE,NONE,NONE,NONE,NONE,,NONE,PURE_IDENTIFIER,FINAL_DATA_DROP,NONE,NONE,False,
hospital_id,IDENTIFIER,0.0,KEEP,DROP_BASELINE,NONE,NONE,NONE,NONE,NONE,,NONE,FEATURE_RETAINED,SITE_GENERALIZATION_RISK,NONE,SITE_ID_ABLATION,True,SITE_GENERALIZATION
hospital_death,TARGET,0.0,TARGET,TARGET,NONE,NONE,NONE,NONE,NONE,,NONE,TARGET_VARIABLE,TARGET_VARIABLE,NONE,NONE,False,
age,CONTINUOUS,4.61,KEEP,KEEP,MEDIAN,NONE,NONE,NONE,NONE,,NONE,FEATURE_RETAINED,BASELINE_FEATURE,NONE,NONE,False,
bmi,CONTINUOUS,3.74,KEEP,KEEP,MEDIAN,NONE,NONE,NONE,HIGH_CORRELATION,weight,NONE,FEATURE_RETAINED,BASELINE_FEATURE,HIGH_CORRELATION_WITH=weight:0.8773,REDUNDANCY_ABLATION,True,HIGH_CORRELATION
elective_surgery,BINARY,0.0,KEEP,KEEP,NONE,BINARY,NONE,NONE,HIGH_CATEGORICAL_ASSOCIATION,apache_3j_diagnosis,NONE,FEATURE_RETAINED,BASELINE_FEATURE,HIGH_CATEGORICAL_ASSOCIATION_WITH=apache_3j_diagnosis:0.9372,REDUNDANCY_ABLATION,True,HIGH_CATEGORICAL_ASSOCIATION
ethnicity,CATEGORICAL,1.52,KEEP,KEEP,MODE,ONE_HOT,NONE,NONE,NONE,,NONE,FEATURE_RETAINED,BASELINE_FEATURE,NONE,NONE,False,
gender,CATEGORICAL,0.03,KEEP,KEEP,MODE,ONE_HOT,NONE,NONE,NONE,,NONE,FEATURE_RETAINED,BASELINE_FEATURE,NONE,NONE,False,
height,CONTINUOUS,1.45,KEEP,KEEP,MEDIAN,NONE,NONE,NONE,NONE,,NONE,FEATURE_RETAINED,BASELINE_FEATURE,NONE,NONE,False,
hospital_admit_source,CATEGORICAL,23.34,KEEP,KEEP,UNKNOWN_CATEGORY,ONE_HOT,NONE,NONE,HIGH_CATEGORICAL_ASSOCIATION,apache_post_operative,NONE,FEATURE_RETAINED,BASELINE_FEATURE,HIGH_CATEGORICAL_ASSOCIATION_WITH=apache_post_operative:0.7371,REDUNDANCY_ABLATION,True,HIGH_CATEGORICAL_ASSOCIATION
icu_admit_source,CATEGORICAL,0.12,KEEP,KEEP,MODE,ONE_HOT,NONE,NONE,HIGH_CATEGORICAL_ASSOCIATION,apache_post_operative,NONE,FEATURE_RETAINED,BASELINE_FEATURE,HIGH_CATEGORICAL_ASSOCIATION_WITH=apache_post_operative:0.9151,REDUNDANCY_ABLATION,True,HIGH_CATEGORICAL_ASSOCIATION
icu_id,IDENTIFIER,0.0,KEEP,DROP_BASELINE,NONE,NONE,NONE,NONE,NONE,,NONE,FEATURE_RETAINED,SITE_GENERALIZATION_RISK,NONE,SITE_ID_ABLATION,True,SITE_GENERALIZATION
icu_stay_type,CATEGORICAL,0.0,KEEP,KEEP,NONE,ONE_HOT,NONE,NONE,NONE,,NONE,FEATURE_RETAINED,BASELINE_FEATURE,NONE,NONE,False,
icu_type,CATEGORICAL,0.0,KEEP,KEEP,NONE,ONE_HOT,NONE,NONE,NONE,,NONE,FEATURE_RETAINED,BASELINE_FEATURE,NONE,NONE,False,
pre_icu_los_days,CONTINUOUS,0.0,KEEP,KEEP,NONE,NONE,NONE,REVIEW_NEGATIVE_VALUES,NONE,,NONE,FEATURE_RETAINED,BASELINE_FEATURE,NONE,SPECIAL_VALUE_REVIEW,True,REVIEW_NEGATIVE_VALUES
readmission_status,BINARY,0.0,DROP,DROP,NONE,NONE,NONE,NONE,NONE,,NONE,LEVEL1_CONFIRMED_DROP,FINAL_DATA_DROP,NONE,NONE,False,
weight,CONTINUOUS,2.97,KEEP,KEEP,MEDIAN,NONE,NONE,NONE,HIGH_CORRELATION,bmi,NONE,FEATURE_RETAINED,BASELINE_FEATURE,HIGH_CORRELATION_WITH=bmi:0.8773,REDUNDANCY_ABLATION,True,HIGH_CORRELATION
albumin_apache,CONTINUOUS,59.29,KEEP,KEEP,MEDIAN,NONE,NONE,NONE,HIGH_CORRELATION,d1_albumin_max,NONE,FEATURE_RETAINED,BASELINE_FEATURE,HIGH_CORRELATION_WITH=d1_albumin_max:0.9613,REDUNDANCY_ABLATION,True,HIGH_CORRELATION
apache_2_diagnosis,CATEGORICAL_CODE,1.81,KEEP,KEEP,MODE,ONE_HOT,NONE,NONE,HIGH_CATEGORICAL_ASSOCIATION,apache_3j_diagnosis,NONE,FEATURE_RETAINED,BASELINE_FEATURE,HIGH_CATEGORICAL_ASSOCIATION_WITH=apache_3j_diagnosis:0.9981,REDUNDANCY_ABLATION,True,HIGH_CATEGORICAL_ASSOCIATION
apache_3j_diagnosis,CATEGORICAL_CODE,1.2,KEEP,KEEP,MODE,ONE_HOT,NONE,NONE,HIGH_CATEGORICAL_ASSOCIATION,apache_2_diagnosis,NONE,FEATURE_RETAINED,BASELINE_FEATURE,HIGH_CATEGORICAL_ASSOCIATION_WITH=apache_2_diagnosis:0.9981,REDUNDANCY_ABLATION,True,HIGH_CATEGORICAL_ASSOCIATION
apache_post_operative,BINARY,0.0,KEEP,KEEP,NONE,BINARY,NONE,NONE,HIGH_CATEGORICAL_ASSOCIATION,apache_3j_diagnosis,NONE,FEATURE_RETAINED,BASELINE_FEATURE,HIGH_CATEGORICAL_ASSOCIATION_WITH=apache_3j_diagnosis:0.9978,REDUNDANCY_ABLATION,True,HIGH_CATEGORICAL_ASSOCIATION
arf_apache,BINARY,0.78,KEEP,KEEP,MODE,BINARY,NONE,NONE,HIGH_CATEGORICAL_ASSOCIATION,diabetes_mellitus,NONE,FEATURE_RETAINED,BASELINE_FEATURE,HIGH_CATEGORICAL_ASSOCIATION_WITH=diabetes_mellitus:0.7112,REDUNDANCY_ABLATION,True,HIGH_CATEGORICAL_ASSOCIATION
bilirubin_apache,CONTINUOUS,63.39,KEEP,KEEP,MEDIAN,NONE,NONE,NONE,HIGH_CORRELATION,d1_bilirubin_max,NONE,FEATURE_RETAINED,BASELINE_FEATURE,HIGH_CORRELATION_WITH=d1_bilirubin_max:0.9966,REDUNDANCY_ABLATION,True,HIGH_CORRELATION
bun_apache,CONTINUOUS,21.0,KEEP,KEEP,MEDIAN,NONE,NONE,NONE,HIGH_CORRELATION,d1_bun_max,NONE,FEATURE_RETAINED,BASELINE_FEATURE,HIGH_CORRELATION_WITH=d1_bun_max:0.9866,REDUNDANCY_ABLATION,True,HIGH_CORRELATION
creatinine_apache,CONTINUOUS,20.56,KEEP,KEEP,MEDIAN,NONE,NONE,NONE,HIGH_CORRELATION,d1_creatinine_max,NONE,FEATURE_RETAINED,BASELINE_FEATURE,HIGH_CORRELATION_WITH=d1_creatinine_max:0.9938,REDUNDANCY_ABLATION,True,HIGH_CORRELATION
fio2_apache,CONTINUOUS,77.27,KEEP,KEEP,MEDIAN,NONE,NONE,NONE,NONE,,NONE,FEATURE_RETAINED,BASELINE_FEATURE,NONE,NONE,False,
gcs_eyes_apache,ORDINAL,2.07,KEEP,KEEP,MEDIAN,ORDINAL,NONE,NONE,NONE,,NONE,FEATURE_RETAINED,BASELINE_FEATURE,NONE,NONE,False,
gcs_motor_apache,ORDINAL,2.07,KEEP,KEEP,MEDIAN,ORDINAL,NONE,NONE,NONE,,NONE,FEATURE_RETAINED,BASELINE_FEATURE,NONE,NONE,False,
gcs_unable_apache,BINARY,1.13,KEEP,KEEP,MODE,BINARY,NONE,NONE,NONE,,NONE,FEATURE_RETAINED,BASELINE_FEATURE,NONE,NONE,False,
gcs_verbal_apache,ORDINAL,2.07,KEEP,KEEP,MEDIAN,ORDINAL,NONE,NONE,NONE,,NONE,FEATURE_RETAINED,BASELINE_FEATURE,NONE,NONE,False,
glucose_apache,CONTINUOUS,12.03,KEEP,KEEP,MEDIAN,NONE,NONE,NONE,HIGH_CORRELATION,d1_glucose_max,NONE,FEATURE_RETAINED,BASELINE_FEATURE,HIGH_CORRELATION_WITH=d1_glucose_max:0.9230,REDUNDANCY_ABLATION,True,HIGH_CORRELATION
heart_rate_apache,CONTINUOUS,0.96,KEEP,KEEP,MEDIAN,NONE,NONE,NONE,NONE,,NONE,FEATURE_RETAINED,BASELINE_FEATURE,NONE,NONE,False,
hematocrit_apache,CONTINUOUS,21.67,KEEP,KEEP,MEDIAN,NONE,NONE,NONE,HIGH_CORRELATION,d1_hematocrit_min,NONE,FEATURE_RETAINED,BASELINE_FEATURE,HIGH_CORRELATION_WITH=d1_hematocrit_min:0.9687,REDUNDANCY_ABLATION,True,HIGH_CORRELATION
intubated_apache,BINARY,0.78,KEEP,KEEP,MODE,BINARY,NONE,NONE,HIGH_CATEGORICAL_ASSOCIATION,ventilated_apache,NONE,FEATURE_RETAINED,BASELINE_FEATURE,HIGH_CATEGORICAL_ASSOCIATION_WITH=ventilated_apache:0.8273,REDUNDANCY_ABLATION,True,HIGH_CATEGORICAL_ASSOCIATION
map_apache,CONTINUOUS,1.08,KEEP,KEEP,MEDIAN,NONE,NONE,NONE,NONE,,NONE,FEATURE_RETAINED,BASELINE_FEATURE,NONE,NONE,False,
paco2_apache,CONTINUOUS,77.27,KEEP,KEEP,MEDIAN,NONE,NONE,NONE,NEAR_DUPLICATE,paco2_for_ph_apache,NONE,FEATURE_RETAINED,BASELINE_FEATURE,NEAR_DUPLICATE_WITH=paco2_for_ph_apache:100.0000%,REDUNDANCY_ABLATION,True,NEAR_DUPLICATE
paco2_for_ph_apache,CONTINUOUS,77.27,DROP,DROP,NONE,NONE,NONE,NONE,EXACT_DUPLICATE,paco2_apache,NONE,EXACT_DUPLICATE_OF_paco2_apache,FINAL_DATA_DROP,EXACT_DUPLICATE_OF=paco2_apache,NONE,False,
pao2_apache,CONTINUOUS,77.27,KEEP,KEEP,MEDIAN,NONE,NONE,NONE,NONE,,NONE,FEATURE_RETAINED,BASELINE_FEATURE,NONE,NONE,False,
ph_apache,CONTINUOUS,77.27,KEEP,KEEP,MEDIAN,NONE,NONE,NONE,NONE,,NONE,FEATURE_RETAINED,BASELINE_FEATURE,NONE,NONE,False,
resprate_apache,CONTINUOUS,1.35,KEEP,KEEP,MEDIAN,NONE,NONE,NONE,NONE,,NONE,FEATURE_RETAINED,BASELINE_FEATURE,NONE,NONE,False,
sodium_apache,CONTINUOUS,20.28,KEEP,KEEP,MEDIAN,NONE,NONE,NONE,HIGH_CORRELATION,d1_sodium_min,NONE,FEATURE_RETAINED,BASELINE_FEATURE,HIGH_CORRELATION_WITH=d1_sodium_min:0.9194,REDUNDANCY_ABLATION,True,HIGH_CORRELATION
temp_apache,CONTINUOUS,4.48,KEEP,KEEP,MEDIAN,NONE,NONE,NONE,NONE,,NONE,FEATURE_RETAINED,BASELINE_FEATURE,NONE,NONE,False,
urineoutput_apache,CONTINUOUS,53.43,KEEP,KEEP,MEDIAN,NONE,NONE,NONE,NONE,,NONE,FEATURE_RETAINED,BASELINE_FEATURE,NONE,NONE,False,
ventilated_apache,BINARY,0.78,KEEP,KEEP,MODE,BINARY,NONE,NONE,HIGH_CATEGORICAL_ASSOCIATION,intubated_apache,NONE,FEATURE_RETAINED,BASELINE_FEATURE,HIGH_CATEGORICAL_ASSOCIATION_WITH=intubated_apache:0.8273,REDUNDANCY_ABLATION,True,HIGH_CATEGORICAL_ASSOCIATION
wbc_apache,CONTINUOUS,24.0,KEEP,KEEP,MEDIAN,NONE,NONE,NONE,HIGH_CORRELATION,d1_wbc_max,NONE,FEATURE_RETAINED,BASELINE_FEATURE,HIGH_CORRELATION_WITH=d1_wbc_max:0.9695,REDUNDANCY_ABLATION,True,HIGH_CORRELATION
d1_diasbp_invasive_max,CONTINUOUS,74.13,KEEP,KEEP,MEDIAN,NONE,NONE,NONE,NONE,,NONE,FEATURE_RETAINED,BASELINE_FEATURE,NONE,NONE,False,
d1_diasbp_invasive_min,CONTINUOUS,74.13,KEEP,KEEP,MEDIAN,NONE,NONE,NONE,NONE,,NONE,FEATURE_RETAINED,BASELINE_FEATURE,NONE,NONE,False,
d1_diasbp_max,CONTINUOUS,0.18,KEEP,KEEP,MEDIAN,NONE,NONE,NONE,NEAR_DUPLICATE,d1_diasbp_noninvasive_max,NONE,FEATURE_RETAINED,BASELINE_FEATURE,NEAR_DUPLICATE_WITH=d1_diasbp_noninvasive_max:99.6383%,REDUNDANCY_ABLATION,True,NEAR_DUPLICATE
d1_diasbp_min,CONTINUOUS,0.18,KEEP,KEEP,MEDIAN,NONE,NONE,NONE,NEAR_DUPLICATE,d1_diasbp_noninvasive_min,NONE,FEATURE_RETAINED,BASELINE_FEATURE,NEAR_DUPLICATE_WITH=d1_diasbp_noninvasive_min:99.6239%,REDUNDANCY_ABLATION,True,NEAR_DUPLICATE
d1_diasbp_noninvasive_max,CONTINUOUS,1.13,KEEP,KEEP,MEDIAN,NONE,NONE,NONE,NEAR_DUPLICATE,d1_diasbp_max,NONE,FEATURE_RETAINED,BASELINE_FEATURE,NEAR_DUPLICATE_WITH=d1_diasbp_max:99.6383%,REDUNDANCY_ABLATION,True,NEAR_DUPLICATE
d1_diasbp_noninvasive_min,CONTINUOUS,1.13,KEEP,KEEP,MEDIAN,NONE,NONE,NONE,NEAR_DUPLICATE,d1_diasbp_min,NONE,FEATURE_RETAINED,BASELINE_FEATURE,NEAR_DUPLICATE_WITH=d1_diasbp_min:99.6239%,REDUNDANCY_ABLATION,True,NEAR_DUPLICATE
d1_heartrate_max,CONTINUOUS,0.16,KEEP,KEEP,MEDIAN,NONE,NONE,REVIEW_ZERO_VALIDITY,NONE,,NONE,FEATURE_RETAINED,BASELINE_FEATURE,NONE,SPECIAL_VALUE_REVIEW,True,REVIEW_ZERO_VALIDITY
d1_heartrate_min,CONTINUOUS,0.16,KEEP,KEEP,MEDIAN,NONE,NONE,REVIEW_ZERO_VALIDITY,NONE,,NONE,FEATURE_RETAINED,BASELINE_FEATURE,NONE,SPECIAL_VALUE_REVIEW,True,REVIEW_ZERO_VALIDITY
d1_mbp_invasive_max,CONTINUOUS,73.9,KEEP,KEEP,MEDIAN,NONE,NONE,NONE,NONE,,NONE,FEATURE_RETAINED,BASELINE_FEATURE,NONE,NONE,False,
d1_mbp_invasive_min,CONTINUOUS,73.9,KEEP,KEEP,MEDIAN,NONE,NONE,NONE,NONE,,NONE,FEATURE_RETAINED,BASELINE_FEATURE,NONE,NONE,False,
d1_mbp_max,CONTINUOUS,0.24,KEEP,KEEP,MEDIAN,NONE,NONE,NONE,HIGH_CORRELATION,d1_mbp_noninvasive_max,NONE,FEATURE_RETAINED,BASELINE_FEATURE,HIGH_CORRELATION_WITH=d1_mbp_noninvasive_max:0.9847,REDUNDANCY_ABLATION,True,HIGH_CORRELATION
d1_mbp_min,CONTINUOUS,0.24,KEEP,KEEP,MEDIAN,NONE,NONE,NONE,NEAR_DUPLICATE,d1_mbp_noninvasive_min,NONE,FEATURE_RETAINED,BASELINE_FEATURE,NEAR_DUPLICATE_WITH=d1_mbp_noninvasive_min:99.5024%,REDUNDANCY_ABLATION,True,NEAR_DUPLICATE
d1_mbp_noninvasive_max,CONTINUOUS,1.61,KEEP,KEEP,MEDIAN,NONE,NONE,NONE,HIGH_CORRELATION,d1_mbp_max,NONE,FEATURE_RETAINED,BASELINE_FEATURE,HIGH_CORRELATION_WITH=d1_mbp_max:0.9847,REDUNDANCY_ABLATION,True,HIGH_CORRELATION
d1_mbp_noninvasive_min,CONTINUOUS,1.61,KEEP,KEEP,MEDIAN,NONE,NONE,NONE,NEAR_DUPLICATE,d1_mbp_min,NONE,FEATURE_RETAINED,BASELINE_FEATURE,NEAR_DUPLICATE_WITH=d1_mbp_min:99.5024%,REDUNDANCY_ABLATION,True,NEAR_DUPLICATE
d1_resprate_max,CONTINUOUS,0.42,KEEP,KEEP,MEDIAN,NONE,NONE,REVIEW_ZERO_VALIDITY,NONE,,NONE,FEATURE_RETAINED,BASELINE_FEATURE,NONE,SPECIAL_VALUE_REVIEW,True,REVIEW_ZERO_VALIDITY
d1_resprate_min,CONTINUOUS,0.42,KEEP,KEEP,MEDIAN,NONE,NONE,REVIEW_ZERO_VALIDITY,NONE,,NONE,FEATURE_RETAINED,BASELINE_FEATURE,NONE,SPECIAL_VALUE_REVIEW,True,REVIEW_ZERO_VALIDITY
d1_spo2_max,CONTINUOUS,0.36,KEEP,KEEP,MEDIAN,NONE,NONE,REVIEW_ZERO_VALIDITY,NONE,,NONE,FEATURE_RETAINED,BASELINE_FEATURE,NONE,SPECIAL_VALUE_REVIEW,True,REVIEW_ZERO_VALIDITY
d1_spo2_min,CONTINUOUS,0.36,KEEP,KEEP,MEDIAN,NONE,NONE,REVIEW_ZERO_VALIDITY,NONE,,NONE,FEATURE_RETAINED,BASELINE_FEATURE,NONE,SPECIAL_VALUE_REVIEW,True,REVIEW_ZERO_VALIDITY
d1_sysbp_invasive_max,CONTINUOUS,74.1,KEEP,KEEP,MEDIAN,NONE,NONE,NONE,NONE,,NONE,FEATURE_RETAINED,BASELINE_FEATURE,NONE,NONE,False,
d1_sysbp_invasive_min,CONTINUOUS,74.1,KEEP,KEEP,MEDIAN,NONE,NONE,NONE,NONE,,NONE,FEATURE_RETAINED,BASELINE_FEATURE,NONE,NONE,False,
d1_sysbp_max,CONTINUOUS,0.17,KEEP,KEEP,MEDIAN,NONE,NONE,NONE,NEAR_DUPLICATE,d1_sysbp_noninvasive_max,NONE,FEATURE_RETAINED,BASELINE_FEATURE,NEAR_DUPLICATE_WITH=d1_sysbp_noninvasive_max:99.6185%,REDUNDANCY_ABLATION,True,NEAR_DUPLICATE
d1_sysbp_min,CONTINUOUS,0.17,KEEP,KEEP,MEDIAN,NONE,NONE,NONE,NEAR_DUPLICATE,d1_sysbp_noninvasive_min,NONE,FEATURE_RETAINED,BASELINE_FEATURE,NEAR_DUPLICATE_WITH=d1_sysbp_noninvasive_min:99.0947%,REDUNDANCY_ABLATION,True,NEAR_DUPLICATE
d1_sysbp_noninvasive_max,CONTINUOUS,1.12,KEEP,KEEP,MEDIAN,NONE,NONE,NONE,NEAR_DUPLICATE,d1_sysbp_max,NONE,FEATURE_RETAINED,BASELINE_FEATURE,NEAR_DUPLICATE_WITH=d1_sysbp_max:99.6185%,REDUNDANCY_ABLATION,True,NEAR_DUPLICATE
d1_sysbp_noninvasive_min,CONTINUOUS,1.12,KEEP,KEEP,MEDIAN,NONE,NONE,NONE,NEAR_DUPLICATE,d1_sysbp_min,NONE,FEATURE_RETAINED,BASELINE_FEATURE,NEAR_DUPLICATE_WITH=d1_sysbp_min:99.0947%,REDUNDANCY_ABLATION,True,NEAR_DUPLICATE
d1_temp_max,CONTINUOUS,2.53,KEEP,KEEP,MEDIAN,NONE,NONE,NONE,NONE,,NONE,FEATURE_RETAINED,BASELINE_FEATURE,NONE,NONE,False,
d1_temp_min,CONTINUOUS,2.53,KEEP,KEEP,MEDIAN,NONE,NONE,NONE,NONE,,NONE,FEATURE_RETAINED,BASELINE_FEATURE,NONE,NONE,False,
h1_diasbp_invasive_max,CONTINUOUS,81.7,KEEP,DROP_BASELINE,NONE,NONE,NONE,NONE,NONE,,NONE,FEATURE_RETAINED,EXTREME_MISSINGNESS,NONE,REINTRODUCE_HIGH_MISSINGNESS_FEATURE,False,
h1_diasbp_invasive_min,CONTINUOUS,81.7,KEEP,DROP_BASELINE,NONE,NONE,NONE,NONE,NONE,,NONE,FEATURE_RETAINED,EXTREME_MISSINGNESS,NONE,REINTRODUCE_HIGH_MISSINGNESS_FEATURE,False,
h1_diasbp_max,CONTINUOUS,3.95,KEEP,KEEP,MEDIAN,NONE,NONE,NONE,HIGH_CORRELATION,h1_diasbp_noninvasive_max,NONE,FEATURE_RETAINED,BASELINE_FEATURE,HIGH_CORRELATION_WITH=h1_diasbp_noninvasive_max:0.9843,REDUNDANCY_ABLATION,True,HIGH_CORRELATION
h1_diasbp_min,CONTINUOUS,3.95,KEEP,KEEP,MEDIAN,NONE,NONE,NONE,HIGH_CORRELATION,h1_diasbp_noninvasive_min,NONE,FEATURE_RETAINED,BASELINE_FEATURE,HIGH_CORRELATION_WITH=h1_diasbp_noninvasive_min:0.9817,REDUNDANCY_ABLATION,True,HIGH_CORRELATION
h1_diasbp_noninvasive_max,CONTINUOUS,8.01,KEEP,KEEP,MEDIAN,NONE,NONE,NONE,HIGH_CORRELATION,h1_diasbp_max,NONE,FEATURE_RETAINED,BASELINE_FEATURE,HIGH_CORRELATION_WITH=h1_diasbp_max:0.9843,REDUNDANCY_ABLATION,True,HIGH_CORRELATION
h1_diasbp_noninvasive_min,CONTINUOUS,8.01,KEEP,KEEP,MEDIAN,NONE,NONE,NONE,HIGH_CORRELATION,h1_diasbp_min,NONE,FEATURE_RETAINED,BASELINE_FEATURE,HIGH_CORRELATION_WITH=h1_diasbp_min:0.9817,REDUNDANCY_ABLATION,True,HIGH_CORRELATION
h1_heartrate_max,CONTINUOUS,3.04,KEEP,KEEP,MEDIAN,NONE,NONE,REVIEW_ZERO_VALIDITY,HIGH_CORRELATION,h1_heartrate_min,NONE,FEATURE_RETAINED,BASELINE_FEATURE,HIGH_CORRELATION_WITH=h1_heartrate_min:0.8538,REDUNDANCY_ABLATION; SPECIAL_VALUE_REVIEW,True,HIGH_CORRELATION; REVIEW_ZERO_VALIDITY
h1_heartrate_min,CONTINUOUS,3.04,KEEP,KEEP,MEDIAN,NONE,NONE,REVIEW_ZERO_VALIDITY,HIGH_CORRELATION,h1_heartrate_max,NONE,FEATURE_RETAINED,BASELINE_FEATURE,HIGH_CORRELATION_WITH=h1_heartrate_max:0.8538,REDUNDANCY_ABLATION; SPECIAL_VALUE_REVIEW,True,HIGH_CORRELATION; REVIEW_ZERO_VALIDITY
h1_mbp_invasive_max,CONTINUOUS,81.61,KEEP,DROP_BASELINE,NONE,NONE,NONE,NONE,NONE,,NONE,FEATURE_RETAINED,EXTREME_MISSINGNESS,NONE,REINTRODUCE_HIGH_MISSINGNESS_FEATURE,False,
h1_mbp_invasive_min,CONTINUOUS,81.61,KEEP,DROP_BASELINE,NONE,NONE,NONE,NONE,NONE,,NONE,FEATURE_RETAINED,EXTREME_MISSINGNESS,NONE,REINTRODUCE_HIGH_MISSINGNESS_FEATURE,False,
h1_mbp_max,CONTINUOUS,5.06,KEEP,KEEP,MEDIAN,NONE,NONE,NONE,HIGH_CORRELATION,h1_mbp_noninvasive_max,NONE,FEATURE_RETAINED,BASELINE_FEATURE,HIGH_CORRELATION_WITH=h1_mbp_noninvasive_max:0.9866,REDUNDANCY_ABLATION,True,HIGH_CORRELATION
h1_mbp_min,CONTINUOUS,5.06,KEEP,KEEP,MEDIAN,NONE,NONE,NONE,NEAR_DUPLICATE,h1_mbp_noninvasive_min,NONE,FEATURE_RETAINED,BASELINE_FEATURE,NEAR_DUPLICATE_WITH=h1_mbp_noninvasive_min:99.1553%,REDUNDANCY_ABLATION,True,NEAR_DUPLICATE
h1_mbp_noninvasive_max,CONTINUOUS,9.9,KEEP,KEEP,MEDIAN,NONE,NONE,NONE,HIGH_CORRELATION,h1_mbp_max,NONE,FEATURE_RETAINED,BASELINE_FEATURE,HIGH_CORRELATION_WITH=h1_mbp_max:0.9866,REDUNDANCY_ABLATION,True,HIGH_CORRELATION
h1_mbp_noninvasive_min,CONTINUOUS,9.9,KEEP,KEEP,MEDIAN,NONE,NONE,NONE,NEAR_DUPLICATE,h1_mbp_min,NONE,FEATURE_RETAINED,BASELINE_FEATURE,NEAR_DUPLICATE_WITH=h1_mbp_min:99.1553%,REDUNDANCY_ABLATION,True,NEAR_DUPLICATE
h1_resprate_max,CONTINUOUS,4.75,KEEP,KEEP,MEDIAN,NONE,NONE,REVIEW_ZERO_VALIDITY,NONE,,NONE,FEATURE_RETAINED,BASELINE_FEATURE,NONE,SPECIAL_VALUE_REVIEW,True,REVIEW_ZERO_VALIDITY
h1_resprate_min,CONTINUOUS,4.75,KEEP,KEEP,MEDIAN,NONE,NONE,REVIEW_ZERO_VALIDITY,NONE,,NONE,FEATURE_RETAINED,BASELINE_FEATURE,NONE,SPECIAL_VALUE_REVIEW,True,REVIEW_ZERO_VALIDITY
h1_spo2_max,CONTINUOUS,4.56,KEEP,KEEP,MEDIAN,NONE,NONE,REVIEW_ZERO_VALIDITY,NONE,,NONE,FEATURE_RETAINED,BASELINE_FEATURE,NONE,SPECIAL_VALUE_REVIEW,True,REVIEW_ZERO_VALIDITY
h1_spo2_min,CONTINUOUS,4.56,KEEP,KEEP,MEDIAN,NONE,NONE,REVIEW_ZERO_VALIDITY,NONE,,NONE,FEATURE_RETAINED,BASELINE_FEATURE,NONE,SPECIAL_VALUE_REVIEW,True,REVIEW_ZERO_VALIDITY
h1_sysbp_invasive_max,CONTINUOUS,81.68,KEEP,DROP_BASELINE,NONE,NONE,NONE,NONE,NONE,,NONE,FEATURE_RETAINED,EXTREME_MISSINGNESS,NONE,REINTRODUCE_HIGH_MISSINGNESS_FEATURE,False,
h1_sysbp_invasive_min,CONTINUOUS,81.68,KEEP,DROP_BASELINE,NONE,NONE,NONE,NONE,NONE,,NONE,FEATURE_RETAINED,EXTREME_MISSINGNESS,NONE,REINTRODUCE_HIGH_MISSINGNESS_FEATURE,False,
h1_sysbp_max,CONTINUOUS,3.94,KEEP,KEEP,MEDIAN,NONE,NONE,NONE,NEAR_DUPLICATE,h1_sysbp_noninvasive_max,NONE,FEATURE_RETAINED,BASELINE_FEATURE,NEAR_DUPLICATE_WITH=h1_sysbp_noninvasive_max:99.2711%,REDUNDANCY_ABLATION,True,NEAR_DUPLICATE
h1_sysbp_min,CONTINUOUS,3.94,KEEP,KEEP,MEDIAN,NONE,NONE,NONE,HIGH_CORRELATION,h1_sysbp_noninvasive_min,NONE,FEATURE_RETAINED,BASELINE_FEATURE,HIGH_CORRELATION_WITH=h1_sysbp_noninvasive_min:0.9880,REDUNDANCY_ABLATION,True,HIGH_CORRELATION
h1_sysbp_noninvasive_max,CONTINUOUS,8.0,KEEP,KEEP,MEDIAN,NONE,NONE,NONE,NEAR_DUPLICATE,h1_sysbp_max,NONE,FEATURE_RETAINED,BASELINE_FEATURE,NEAR_DUPLICATE_WITH=h1_sysbp_max:99.2711%,REDUNDANCY_ABLATION,True,NEAR_DUPLICATE
h1_sysbp_noninvasive_min,CONTINUOUS,8.0,KEEP,KEEP,MEDIAN,NONE,NONE,NONE,HIGH_CORRELATION,h1_sysbp_min,NONE,FEATURE_RETAINED,BASELINE_FEATURE,HIGH_CORRELATION_WITH=h1_sysbp_min:0.9880,REDUNDANCY_ABLATION,True,HIGH_CORRELATION
h1_temp_max,CONTINUOUS,23.7,KEEP,KEEP,MEDIAN,NONE,NONE,NONE,HIGH_CORRELATION,h1_temp_min,NONE,FEATURE_RETAINED,BASELINE_FEATURE,HIGH_CORRELATION_WITH=h1_temp_min:0.8678,REDUNDANCY_ABLATION,True,HIGH_CORRELATION
h1_temp_min,CONTINUOUS,23.7,KEEP,KEEP,MEDIAN,NONE,NONE,NONE,HIGH_CORRELATION,h1_temp_max,NONE,FEATURE_RETAINED,BASELINE_FEATURE,HIGH_CORRELATION_WITH=h1_temp_max:0.8678,REDUNDANCY_ABLATION,True,HIGH_CORRELATION
d1_albumin_max,CONTINUOUS,53.53,KEEP,KEEP,MEDIAN,NONE,NONE,NONE,HIGH_CORRELATION,albumin_apache,NONE,FEATURE_RETAINED,BASELINE_FEATURE,HIGH_CORRELATION_WITH=albumin_apache:0.9613,REDUNDANCY_ABLATION,True,HIGH_CORRELATION
d1_albumin_min,CONTINUOUS,53.53,KEEP,KEEP,MEDIAN,NONE,NONE,NONE,HIGH_CORRELATION,albumin_apache,NONE,FEATURE_RETAINED,BASELINE_FEATURE,HIGH_CORRELATION_WITH=albumin_apache:0.9381,REDUNDANCY_ABLATION,True,HIGH_CORRELATION
d1_bilirubin_max,CONTINUOUS,58.52,KEEP,KEEP,MEDIAN,NONE,NONE,NONE,HIGH_CORRELATION,bilirubin_apache,NONE,FEATURE_RETAINED,BASELINE_FEATURE,HIGH_CORRELATION_WITH=bilirubin_apache:0.9966,REDUNDANCY_ABLATION,True,HIGH_CORRELATION
d1_bilirubin_min,CONTINUOUS,58.52,KEEP,KEEP,MEDIAN,NONE,NONE,NONE,HIGH_CORRELATION,d1_bilirubin_max,NONE,FEATURE_RETAINED,BASELINE_FEATURE,HIGH_CORRELATION_WITH=d1_bilirubin_max:0.9881,REDUNDANCY_ABLATION,True,HIGH_CORRELATION
d1_bun_max,CONTINUOUS,11.46,KEEP,KEEP,MEDIAN,NONE,NONE,NONE,HIGH_CORRELATION,bun_apache,NONE,FEATURE_RETAINED,BASELINE_FEATURE,HIGH_CORRELATION_WITH=bun_apache:0.9866,REDUNDANCY_ABLATION,True,HIGH_CORRELATION
d1_bun_min,CONTINUOUS,11.46,KEEP,KEEP,MEDIAN,NONE,NONE,NONE,HIGH_CORRELATION,bun_apache,NONE,FEATURE_RETAINED,BASELINE_FEATURE,HIGH_CORRELATION_WITH=bun_apache:0.9675,REDUNDANCY_ABLATION,True,HIGH_CORRELATION
d1_calcium_max,CONTINUOUS,14.25,KEEP,KEEP,MEDIAN,NONE,NONE,NONE,NONE,,NONE,FEATURE_RETAINED,BASELINE_FEATURE,NONE,NONE,False,
d1_calcium_min,CONTINUOUS,14.25,KEEP,KEEP,MEDIAN,NONE,NONE,NONE,NONE,,NONE,FEATURE_RETAINED,BASELINE_FEATURE,NONE,NONE,False,
d1_creatinine_max,CONTINUOUS,11.09,KEEP,KEEP,MEDIAN,NONE,NONE,NONE,HIGH_CORRELATION,creatinine_apache,NONE,FEATURE_RETAINED,BASELINE_FEATURE,HIGH_CORRELATION_WITH=creatinine_apache:0.9938,REDUNDANCY_ABLATION,True,HIGH_CORRELATION
d1_creatinine_min,CONTINUOUS,11.09,KEEP,KEEP,MEDIAN,NONE,NONE,NONE,HIGH_CORRELATION,creatinine_apache,NONE,FEATURE_RETAINED,BASELINE_FEATURE,HIGH_CORRELATION_WITH=creatinine_apache:0.9703,REDUNDANCY_ABLATION,True,HIGH_CORRELATION
d1_glucose_max,CONTINUOUS,6.33,KEEP,KEEP,MEDIAN,NONE,NONE,NONE,HIGH_CORRELATION,glucose_apache,NONE,FEATURE_RETAINED,BASELINE_FEATURE,HIGH_CORRELATION_WITH=glucose_apache:0.9230,REDUNDANCY_ABLATION,True,HIGH_CORRELATION
d1_glucose_min,CONTINUOUS,6.33,KEEP,KEEP,MEDIAN,NONE,NONE,NONE,NONE,,NONE,FEATURE_RETAINED,BASELINE_FEATURE,NONE,NONE,False,
d1_hco3_max,CONTINUOUS,16.43,KEEP,KEEP,MEDIAN,NONE,NONE,NONE,NONE,,NONE,FEATURE_RETAINED,BASELINE_FEATURE,NONE,NONE,False,
d1_hco3_min,CONTINUOUS,16.43,KEEP,KEEP,MEDIAN,NONE,NONE,NONE,NONE,,NONE,FEATURE_RETAINED,BASELINE_FEATURE,NONE,NONE,False,
d1_hemaglobin_max,CONTINUOUS,13.24,KEEP,KEEP,MEDIAN,NONE,NONE,NONE,HIGH_CORRELATION,d1_hematocrit_max,NONE,FEATURE_RETAINED,BASELINE_FEATURE,HIGH_CORRELATION_WITH=d1_hematocrit_max:0.9553,REDUNDANCY_ABLATION,True,HIGH_CORRELATION
d1_hemaglobin_min,CONTINUOUS,13.24,KEEP,KEEP,MEDIAN,NONE,NONE,NONE,HIGH_CORRELATION,d1_hematocrit_min,NONE,FEATURE_RETAINED,BASELINE_FEATURE,HIGH_CORRELATION_WITH=d1_hematocrit_min:0.9652,REDUNDANCY_ABLATION,True,HIGH_CORRELATION
d1_hematocrit_max,CONTINUOUS,12.71,KEEP,KEEP,MEDIAN,NONE,NONE,NONE,HIGH_CORRELATION,d1_hemaglobin_max,NONE,FEATURE_RETAINED,BASELINE_FEATURE,HIGH_CORRELATION_WITH=d1_hemaglobin_max:0.9553,REDUNDANCY_ABLATION,True,HIGH_CORRELATION
d1_hematocrit_min,CONTINUOUS,12.71,KEEP,KEEP,MEDIAN,NONE,NONE,NONE,HIGH_CORRELATION,hematocrit_apache,NONE,FEATURE_RETAINED,BASELINE_FEATURE,HIGH_CORRELATION_WITH=hematocrit_apache:0.9687,REDUNDANCY_ABLATION,True,HIGH_CORRELATION
d1_inr_max,CONTINUOUS,63.18,KEEP,KEEP,MEDIAN,NONE,NONE,NONE,NEAR_DUPLICATE,h1_inr_max,NONE,FEATURE_RETAINED,BASELINE_FEATURE,NEAR_DUPLICATE_WITH=h1_inr_max:100.0000%,REDUNDANCY_ABLATION,True,NEAR_DUPLICATE
d1_inr_min,CONTINUOUS,63.18,KEEP,KEEP,MEDIAN,NONE,NONE,NONE,NEAR_DUPLICATE,h1_inr_min,NONE,FEATURE_RETAINED,BASELINE_FEATURE,NEAR_DUPLICATE_WITH=h1_inr_min:100.0000%,REDUNDANCY_ABLATION,True,NEAR_DUPLICATE
d1_lactate_max,CONTINUOUS,74.58,KEEP,KEEP,MEDIAN,NONE,NONE,NONE,NONE,,NONE,FEATURE_RETAINED,BASELINE_FEATURE,NONE,NONE,False,
d1_lactate_min,CONTINUOUS,74.58,KEEP,KEEP,MEDIAN,NONE,NONE,NONE,NONE,,NONE,FEATURE_RETAINED,BASELINE_FEATURE,NONE,NONE,False,
d1_platelets_max,CONTINUOUS,14.66,KEEP,KEEP,MEDIAN,NONE,NONE,NONE,HIGH_CORRELATION,d1_platelets_min,NONE,FEATURE_RETAINED,BASELINE_FEATURE,HIGH_CORRELATION_WITH=d1_platelets_min:0.9635,REDUNDANCY_ABLATION,True,HIGH_CORRELATION
d1_platelets_min,CONTINUOUS,14.66,KEEP,KEEP,MEDIAN,NONE,NONE,NONE,HIGH_CORRELATION,d1_platelets_max,NONE,FEATURE_RETAINED,BASELINE_FEATURE,HIGH_CORRELATION_WITH=d1_platelets_max:0.9635,REDUNDANCY_ABLATION,True,HIGH_CORRELATION
d1_potassium_max,CONTINUOUS,10.45,KEEP,KEEP,MEDIAN,NONE,NONE,NONE,NONE,,NONE,FEATURE_RETAINED,BASELINE_FEATURE,NONE,NONE,False,
d1_potassium_min,CONTINUOUS,10.45,KEEP,KEEP,MEDIAN,NONE,NONE,NONE,NONE,,NONE,FEATURE_RETAINED,BASELINE_FEATURE,NONE,NONE,False,
d1_sodium_max,CONTINUOUS,11.12,KEEP,KEEP,MEDIAN,NONE,NONE,NONE,HIGH_CORRELATION,sodium_apache,NONE,FEATURE_RETAINED,BASELINE_FEATURE,HIGH_CORRELATION_WITH=sodium_apache:0.8916,REDUNDANCY_ABLATION,True,HIGH_CORRELATION
d1_sodium_min,CONTINUOUS,11.12,KEEP,KEEP,MEDIAN,NONE,NONE,NONE,HIGH_CORRELATION,sodium_apache,NONE,FEATURE_RETAINED,BASELINE_FEATURE,HIGH_CORRELATION_WITH=sodium_apache:0.9194,REDUNDANCY_ABLATION,True,HIGH_CORRELATION
d1_wbc_max,CONTINUOUS,14.36,KEEP,KEEP,MEDIAN,NONE,NONE,NONE,HIGH_CORRELATION,wbc_apache,NONE,FEATURE_RETAINED,BASELINE_FEATURE,HIGH_CORRELATION_WITH=wbc_apache:0.9695,REDUNDANCY_ABLATION,True,HIGH_CORRELATION
d1_wbc_min,CONTINUOUS,14.36,KEEP,KEEP,MEDIAN,NONE,NONE,NONE,HIGH_CORRELATION,wbc_apache,NONE,FEATURE_RETAINED,BASELINE_FEATURE,HIGH_CORRELATION_WITH=wbc_apache:0.9293,REDUNDANCY_ABLATION,True,HIGH_CORRELATION
h1_albumin_max,CONTINUOUS,91.4,KEEP,DROP_BASELINE,NONE,NONE,NONE,NONE,NONE,,NONE,FEATURE_RETAINED,EXTREME_MISSINGNESS,NONE,REINTRODUCE_HIGH_MISSINGNESS_FEATURE,False,
h1_albumin_min,CONTINUOUS,91.4,KEEP,DROP_BASELINE,NONE,NONE,NONE,NONE,NONE,,NONE,FEATURE_RETAINED,EXTREME_MISSINGNESS,NONE,REINTRODUCE_HIGH_MISSINGNESS_FEATURE,False,
h1_bilirubin_max,CONTINUOUS,92.27,KEEP,DROP_BASELINE,NONE,NONE,NONE,NONE,NONE,,NONE,FEATURE_RETAINED,EXTREME_MISSINGNESS,NONE,REINTRODUCE_HIGH_MISSINGNESS_FEATURE,False,
h1_bilirubin_min,CONTINUOUS,92.27,KEEP,DROP_BASELINE,NONE,NONE,NONE,NONE,NONE,,NONE,FEATURE_RETAINED,EXTREME_MISSINGNESS,NONE,REINTRODUCE_HIGH_MISSINGNESS_FEATURE,False,
h1_bun_max,CONTINUOUS,81.88,KEEP,DROP_BASELINE,NONE,NONE,NONE,NONE,NONE,,NONE,FEATURE_RETAINED,EXTREME_MISSINGNESS,NONE,REINTRODUCE_HIGH_MISSINGNESS_FEATURE,False,
h1_bun_min,CONTINUOUS,81.88,KEEP,DROP_BASELINE,NONE,NONE,NONE,NONE,NONE,,NONE,FEATURE_RETAINED,EXTREME_MISSINGNESS,NONE,REINTRODUCE_HIGH_MISSINGNESS_FEATURE,False,
h1_calcium_max,CONTINUOUS,82.72,KEEP,DROP_BASELINE,NONE,NONE,NONE,NONE,NONE,,NONE,FEATURE_RETAINED,EXTREME_MISSINGNESS,NONE,REINTRODUCE_HIGH_MISSINGNESS_FEATURE,False,
h1_calcium_min,CONTINUOUS,82.72,KEEP,DROP_BASELINE,NONE,NONE,NONE,NONE,NONE,,NONE,FEATURE_RETAINED,EXTREME_MISSINGNESS,NONE,REINTRODUCE_HIGH_MISSINGNESS_FEATURE,False,
h1_creatinine_max,CONTINUOUS,81.73,KEEP,DROP_BASELINE,NONE,NONE,NONE,NONE,NONE,,NONE,FEATURE_RETAINED,EXTREME_MISSINGNESS,NONE,REINTRODUCE_HIGH_MISSINGNESS_FEATURE,False,
h1_creatinine_min,CONTINUOUS,81.73,KEEP,DROP_BASELINE,NONE,NONE,NONE,NONE,NONE,,NONE,FEATURE_RETAINED,EXTREME_MISSINGNESS,NONE,REINTRODUCE_HIGH_MISSINGNESS_FEATURE,False,
h1_glucose_max,CONTINUOUS,57.37,KEEP,KEEP,MEDIAN,NONE,NONE,NONE,HIGH_CORRELATION,h1_glucose_min,NONE,FEATURE_RETAINED,BASELINE_FEATURE,HIGH_CORRELATION_WITH=h1_glucose_min:0.9636,REDUNDANCY_ABLATION,True,HIGH_CORRELATION
h1_glucose_min,CONTINUOUS,57.37,KEEP,KEEP,MEDIAN,NONE,NONE,NONE,HIGH_CORRELATION,h1_glucose_max,NONE,FEATURE_RETAINED,BASELINE_FEATURE,HIGH_CORRELATION_WITH=h1_glucose_max:0.9636,REDUNDANCY_ABLATION,True,HIGH_CORRELATION
h1_hco3_max,CONTINUOUS,82.97,KEEP,DROP_BASELINE,NONE,NONE,NONE,NONE,NONE,,NONE,FEATURE_RETAINED,EXTREME_MISSINGNESS,NONE,REINTRODUCE_HIGH_MISSINGNESS_FEATURE,False,
h1_hco3_min,CONTINUOUS,82.97,KEEP,DROP_BASELINE,NONE,NONE,NONE,NONE,NONE,,NONE,FEATURE_RETAINED,EXTREME_MISSINGNESS,NONE,REINTRODUCE_HIGH_MISSINGNESS_FEATURE,False,
h1_hemaglobin_max,CONTINUOUS,79.73,KEEP,KEEP,MEDIAN,NONE,NONE,NONE,HIGH_CORRELATION,h1_hemaglobin_min,NONE,FEATURE_RETAINED,BASELINE_FEATURE,HIGH_CORRELATION_WITH=h1_hemaglobin_min:0.9598,REDUNDANCY_ABLATION,True,HIGH_CORRELATION
h1_hemaglobin_min,CONTINUOUS,79.73,KEEP,KEEP,MEDIAN,NONE,NONE,NONE,HIGH_CORRELATION,h1_hemaglobin_max,NONE,FEATURE_RETAINED,BASELINE_FEATURE,HIGH_CORRELATION_WITH=h1_hemaglobin_max:0.9598,REDUNDANCY_ABLATION,True,HIGH_CORRELATION
h1_hematocrit_max,CONTINUOUS,80.05,KEEP,DROP_BASELINE,NONE,NONE,NONE,NONE,NONE,,NONE,FEATURE_RETAINED,EXTREME_MISSINGNESS,NONE,REINTRODUCE_HIGH_MISSINGNESS_FEATURE,False,
h1_hematocrit_min,CONTINUOUS,80.05,KEEP,DROP_BASELINE,NONE,NONE,NONE,NONE,NONE,,NONE,FEATURE_RETAINED,EXTREME_MISSINGNESS,NONE,REINTRODUCE_HIGH_MISSINGNESS_FEATURE,False,
h1_inr_max,CONTINUOUS,63.18,DROP,DROP,NONE,NONE,NONE,NONE,EXACT_DUPLICATE,d1_inr_max,NONE,EXACT_DUPLICATE_OF_d1_inr_max,FINAL_DATA_DROP,EXACT_DUPLICATE_OF=d1_inr_max,NONE,False,
h1_inr_min,CONTINUOUS,63.18,DROP,DROP,NONE,NONE,NONE,NONE,EXACT_DUPLICATE,d1_inr_min,NONE,EXACT_DUPLICATE_OF_d1_inr_min,FINAL_DATA_DROP,EXACT_DUPLICATE_OF=d1_inr_min,NONE,False,
h1_lactate_max,CONTINUOUS,91.99,KEEP,DROP_BASELINE,NONE,NONE,NONE,NONE,NONE,,NONE,FEATURE_RETAINED,EXTREME_MISSINGNESS,NONE,REINTRODUCE_HIGH_MISSINGNESS_FEATURE,False,
h1_lactate_min,CONTINUOUS,91.99,KEEP,DROP_BASELINE,NONE,NONE,NONE,NONE,NONE,,NONE,FEATURE_RETAINED,EXTREME_MISSINGNESS,NONE,REINTRODUCE_HIGH_MISSINGNESS_FEATURE,False,
h1_platelets_max,CONTINUOUS,82.51,KEEP,DROP_BASELINE,NONE,NONE,NONE,NONE,NONE,,NONE,FEATURE_RETAINED,EXTREME_MISSINGNESS,NONE,REINTRODUCE_HIGH_MISSINGNESS_FEATURE,False,
h1_platelets_min,CONTINUOUS,82.51,KEEP,DROP_BASELINE,NONE,NONE,NONE,NONE,NONE,,NONE,FEATURE_RETAINED,EXTREME_MISSINGNESS,NONE,REINTRODUCE_HIGH_MISSINGNESS_FEATURE,False,
h1_potassium_max,CONTINUOUS,78.62,KEEP,KEEP,MEDIAN,NONE,NONE,NONE,HIGH_CORRELATION,h1_potassium_min,NONE,FEATURE_RETAINED,BASELINE_FEATURE,HIGH_CORRELATION_WITH=h1_potassium_min:0.9490,REDUNDANCY_ABLATION,True,HIGH_CORRELATION
h1_potassium_min,CONTINUOUS,78.62,KEEP,KEEP,MEDIAN,NONE,NONE,NONE,HIGH_CORRELATION,h1_potassium_max,NONE,FEATURE_RETAINED,BASELINE_FEATURE,HIGH_CORRELATION_WITH=h1_potassium_max:0.9490,REDUNDANCY_ABLATION,True,HIGH_CORRELATION
h1_sodium_max,CONTINUOUS,79.18,KEEP,KEEP,MEDIAN,NONE,NONE,NONE,HIGH_CORRELATION,h1_sodium_min,NONE,FEATURE_RETAINED,BASELINE_FEATURE,HIGH_CORRELATION_WITH=h1_sodium_min:0.9786,REDUNDANCY_ABLATION,True,HIGH_CORRELATION
h1_sodium_min,CONTINUOUS,79.18,KEEP,KEEP,MEDIAN,NONE,NONE,NONE,HIGH_CORRELATION,h1_sodium_max,NONE,FEATURE_RETAINED,BASELINE_FEATURE,HIGH_CORRELATION_WITH=h1_sodium_max:0.9786,REDUNDANCY_ABLATION,True,HIGH_CORRELATION
h1_wbc_max,CONTINUOUS,82.82,KEEP,DROP_BASELINE,NONE,NONE,NONE,NONE,NONE,,NONE,FEATURE_RETAINED,EXTREME_MISSINGNESS,NONE,REINTRODUCE_HIGH_MISSINGNESS_FEATURE,False,
h1_wbc_min,CONTINUOUS,82.82,KEEP,DROP_BASELINE,NONE,NONE,NONE,NONE,NONE,,NONE,FEATURE_RETAINED,EXTREME_MISSINGNESS,NONE,REINTRODUCE_HIGH_MISSINGNESS_FEATURE,False,
d1_arterial_pco2_max,CONTINUOUS,64.63,KEEP,KEEP,MEDIAN,NONE,NONE,NONE,NONE,,NONE,FEATURE_RETAINED,BASELINE_FEATURE,NONE,NONE,False,
d1_arterial_pco2_min,CONTINUOUS,64.63,KEEP,KEEP,MEDIAN,NONE,NONE,NONE,NONE,,NONE,FEATURE_RETAINED,BASELINE_FEATURE,NONE,NONE,False,
d1_arterial_ph_max,CONTINUOUS,65.56,KEEP,KEEP,MEDIAN,NONE,NONE,NONE,NONE,,NONE,FEATURE_RETAINED,BASELINE_FEATURE,NONE,NONE,False,
d1_arterial_ph_min,CONTINUOUS,65.56,KEEP,KEEP,MEDIAN,NONE,NONE,NONE,NONE,,NONE,FEATURE_RETAINED,BASELINE_FEATURE,NONE,NONE,False,
d1_arterial_po2_max,CONTINUOUS,64.62,KEEP,KEEP,MEDIAN,NONE,NONE,NONE,NONE,,NONE,FEATURE_RETAINED,BASELINE_FEATURE,NONE,NONE,False,
d1_arterial_po2_min,CONTINUOUS,64.62,KEEP,KEEP,MEDIAN,NONE,NONE,NONE,NONE,,NONE,FEATURE_RETAINED,BASELINE_FEATURE,NONE,NONE,False,
d1_pao2fio2ratio_max,CONTINUOUS,71.97,KEEP,KEEP,MEDIAN,NONE,NONE,NONE,NONE,,NONE,FEATURE_RETAINED,BASELINE_FEATURE,NONE,NONE,False,
d1_pao2fio2ratio_min,CONTINUOUS,71.97,KEEP,KEEP,MEDIAN,NONE,NONE,NONE,NONE,,NONE,FEATURE_RETAINED,BASELINE_FEATURE,NONE,NONE,False,
h1_arterial_pco2_max,CONTINUOUS,82.82,KEEP,DROP_BASELINE,NONE,NONE,NONE,NONE,NONE,,NONE,FEATURE_RETAINED,EXTREME_MISSINGNESS,NONE,REINTRODUCE_HIGH_MISSINGNESS_FEATURE,False,
h1_arterial_pco2_min,CONTINUOUS,82.82,KEEP,DROP_BASELINE,NONE,NONE,NONE,NONE,NONE,,NONE,FEATURE_RETAINED,EXTREME_MISSINGNESS,NONE,REINTRODUCE_HIGH_MISSINGNESS_FEATURE,False,
h1_arterial_ph_max,CONTINUOUS,83.33,KEEP,DROP_BASELINE,NONE,NONE,NONE,NONE,NONE,,NONE,FEATURE_RETAINED,EXTREME_MISSINGNESS,NONE,REINTRODUCE_HIGH_MISSINGNESS_FEATURE,False,
h1_arterial_ph_min,CONTINUOUS,83.33,KEEP,DROP_BASELINE,NONE,NONE,NONE,NONE,NONE,,NONE,FEATURE_RETAINED,EXTREME_MISSINGNESS,NONE,REINTRODUCE_HIGH_MISSINGNESS_FEATURE,False,
h1_arterial_po2_max,CONTINUOUS,82.81,KEEP,DROP_BASELINE,NONE,NONE,NONE,NONE,NONE,,NONE,FEATURE_RETAINED,EXTREME_MISSINGNESS,NONE,REINTRODUCE_HIGH_MISSINGNESS_FEATURE,False,
h1_arterial_po2_min,CONTINUOUS,82.81,KEEP,DROP_BASELINE,NONE,NONE,NONE,NONE,NONE,,NONE,FEATURE_RETAINED,EXTREME_MISSINGNESS,NONE,REINTRODUCE_HIGH_MISSINGNESS_FEATURE,False,
h1_pao2fio2ratio_max,CONTINUOUS,87.44,KEEP,DROP_BASELINE,NONE,NONE,NONE,NONE,NONE,,NONE,FEATURE_RETAINED,EXTREME_MISSINGNESS,NONE,REINTRODUCE_HIGH_MISSINGNESS_FEATURE,False,
h1_pao2fio2ratio_min,CONTINUOUS,87.44,KEEP,DROP_BASELINE,NONE,NONE,NONE,NONE,NONE,,NONE,FEATURE_RETAINED,EXTREME_MISSINGNESS,NONE,REINTRODUCE_HIGH_MISSINGNESS_FEATURE,False,
apache_4a_hospital_death_prob,DERIVED_PREDICTION,8.67,DROP,DROP,NONE,NONE,NONE,NONE,NONE,,EXCLUDE,EXISTING_MORTALITY_PREDICTION_EXCLUDED,FINAL_DATA_DROP,NONE,NONE,False,
apache_4a_icu_death_prob,DERIVED_PREDICTION,8.67,DROP,DROP,NONE,NONE,NONE,NONE,NONE,,EXCLUDE,EXISTING_MORTALITY_PREDICTION_EXCLUDED,FINAL_DATA_DROP,NONE,NONE,False,
aids,BINARY,0.78,KEEP,KEEP,MODE,BINARY,NONE,NONE,HIGH_CATEGORICAL_ASSOCIATION,immunosuppression,NONE,FEATURE_RETAINED,BASELINE_FEATURE,HIGH_CATEGORICAL_ASSOCIATION_WITH=immunosuppression:0.7073,REDUNDANCY_ABLATION,True,HIGH_CATEGORICAL_ASSOCIATION
cirrhosis,BINARY,0.78,KEEP,KEEP,MODE,BINARY,NONE,NONE,HIGH_CATEGORICAL_ASSOCIATION,hepatic_failure,NONE,FEATURE_RETAINED,BASELINE_FEATURE,HIGH_CATEGORICAL_ASSOCIATION_WITH=hepatic_failure:0.7989,REDUNDANCY_ABLATION,True,HIGH_CATEGORICAL_ASSOCIATION
diabetes_mellitus,BINARY,0.78,KEEP,KEEP,MODE,BINARY,NONE,NONE,HIGH_CATEGORICAL_ASSOCIATION,arf_apache,NONE,FEATURE_RETAINED,BASELINE_FEATURE,HIGH_CATEGORICAL_ASSOCIATION_WITH=arf_apache:0.7112,REDUNDANCY_ABLATION,True,HIGH_CATEGORICAL_ASSOCIATION
hepatic_failure,BINARY,0.78,KEEP,KEEP,MODE,BINARY,NONE,NONE,HIGH_CATEGORICAL_ASSOCIATION,cirrhosis,NONE,FEATURE_RETAINED,BASELINE_FEATURE,HIGH_CATEGORICAL_ASSOCIATION_WITH=cirrhosis:0.7989,REDUNDANCY_ABLATION,True,HIGH_CATEGORICAL_ASSOCIATION
immunosuppression,BINARY,0.78,KEEP,KEEP,MODE,BINARY,NONE,NONE,HIGH_CATEGORICAL_ASSOCIATION,solid_tumor_with_metastasis,NONE,FEATURE_RETAINED,BASELINE_FEATURE,HIGH_CATEGORICAL_ASSOCIATION_WITH=solid_tumor_with_metastasis:0.7324,REDUNDANCY_ABLATION,True,HIGH_CATEGORICAL_ASSOCIATION
leukemia,BINARY,0.78,KEEP,KEEP,MODE,BINARY,NONE,NONE,HIGH_CATEGORICAL_ASSOCIATION,immunosuppression,NONE,FEATURE_RETAINED,BASELINE_FEATURE,HIGH_CATEGORICAL_ASSOCIATION_WITH=immunosuppression:0.7135,REDUNDANCY_ABLATION,True,HIGH_CATEGORICAL_ASSOCIATION
lymphoma,BINARY,0.78,KEEP,KEEP,MODE,BINARY,NONE,NONE,HIGH_CATEGORICAL_ASSOCIATION,immunosuppression,NONE,FEATURE_RETAINED,BASELINE_FEATURE,HIGH_CATEGORICAL_ASSOCIATION_WITH=immunosuppression:0.7109,REDUNDANCY_ABLATION,True,HIGH_CATEGORICAL_ASSOCIATION
solid_tumor_with_metastasis,BINARY,0.78,KEEP,KEEP,MODE,BINARY,NONE,NONE,HIGH_CATEGORICAL_ASSOCIATION,immunosuppression,NONE,FEATURE_RETAINED,BASELINE_FEATURE,HIGH_CATEGORICAL_ASSOCIATION_WITH=immunosuppression:0.7324,REDUNDANCY_ABLATION,True,HIGH_CATEGORICAL_ASSOCIATION
apache_3j_bodysystem,CATEGORICAL,1.81,KEEP,KEEP,MODE,ONE_HOT,NONE,NONE,HIGH_CATEGORICAL_ASSOCIATION,apache_3j_diagnosis,NONE,FEATURE_RETAINED,BASELINE_FEATURE,HIGH_CATEGORICAL_ASSOCIATION_WITH=apache_3j_diagnosis:0.9979,REDUNDANCY_ABLATION,True,HIGH_CATEGORICAL_ASSOCIATION
apache_2_bodysystem,CATEGORICAL,1.81,KEEP,KEEP,MODE,ONE_HOT,STANDARDIZE_CATEGORY_LABELS,NONE,HIGH_CATEGORICAL_ASSOCIATION,apache_3j_diagnosis,NONE,FEATURE_RETAINED,BASELINE_FEATURE,HIGH_CATEGORICAL_ASSOCIATION_WITH=apache_3j_diagnosis:0.9979,REDUNDANCY_ABLATION,True,HIGH_CATEGORICAL_ASSOCIATION
