feature_group,feature_count,features
numeric_features,114,age; albumin_apache; bilirubin_apache; bmi; bun_apache; creatinine_apache; d1_albumin_max; d1_albumin_min; d1_arterial_pco2_max; d1_arterial_pco2_min; d1_arterial_ph_max; d1_arterial_ph_min; d1_arterial_po2_max; d1_arterial_po2_min; d1_bilirubin_max; d1_bilirubin_min; d1_bun_max; d1_bun_min; d1_calcium_max; d1_calcium_min; d1_creatinine_max; d1_creatinine_min; d1_diasbp_invasive_max; d1_diasbp_invasive_min; d1_diasbp_max; d1_diasbp_min; d1_diasbp_noninvasive_max; d1_diasbp_noninvasive_min; d1_glucose_max; d1_glucose_min; d1_hco3_max; d1_hco3_min; d1_heartrate_max; d1_heartrate_min; d1_hemaglobin_max; d1_hemaglobin_min; d1_hematocrit_max; d1_hematocrit_min; d1_inr_max; d1_inr_min; d1_lactate_max; d1_lactate_min; d1_mbp_invasive_max; d1_mbp_invasive_min; d1_mbp_max; d1_mbp_min; d1_mbp_noninvasive_max; d1_mbp_noninvasive_min; d1_pao2fio2ratio_max; d1_pao2fio2ratio_min; d1_platelets_max; d1_platelets_min; d1_potassium_max; d1_potassium_min; d1_resprate_max; d1_resprate_min; d1_sodium_max; d1_sodium_min; d1_spo2_max; d1_spo2_min; d1_sysbp_invasive_max; d1_sysbp_invasive_min; d1_sysbp_max; d1_sysbp_min; d1_sysbp_noninvasive_max; d1_sysbp_noninvasive_min; d1_temp_max; d1_temp_min; d1_wbc_max; d1_wbc_min; fio2_apache; glucose_apache; h1_diasbp_max; h1_diasbp_min; h1_diasbp_noninvasive_max; h1_diasbp_noninvasive_min; h1_glucose_max; h1_glucose_min; h1_heartrate_max; h1_heartrate_min; h1_hemaglobin_max; h1_hemaglobin_min; h1_mbp_max; h1_mbp_min; h1_mbp_noninvasive_max; h1_mbp_noninvasive_min; h1_potassium_max; h1_potassium_min; h1_resprate_max; h1_resprate_min; h1_sodium_max; h1_sodium_min; h1_spo2_max; h1_spo2_min; h1_sysbp_max; h1_sysbp_min; h1_sysbp_noninvasive_max; h1_sysbp_noninvasive_min; h1_temp_max; h1_temp_min; heart_rate_apache; height; hematocrit_apache; map_apache; paco2_apache; pao2_apache; ph_apache; pre_icu_los_days; resprate_apache; sodium_apache; temp_apache; urineoutput_apache; wbc_apache; weight
ordinal_features,3,gcs_eyes_apache; gcs_motor_apache; gcs_verbal_apache
binary_features,14,aids; apache_post_operative; arf_apache; cirrhosis; diabetes_mellitus; elective_surgery; gcs_unable_apache; hepatic_failure; immunosuppression; intubated_apache; leukemia; lymphoma; solid_tumor_with_metastasis; ventilated_apache
categorical_features,8,apache_2_bodysystem; apache_3j_bodysystem; ethnicity; gender; hospital_admit_source; icu_admit_source; icu_stay_type; icu_type
categorical_code_features,2,apache_2_diagnosis; apache_3j_diagnosis
all_baseline_features,141,age; aids; albumin_apache; apache_2_bodysystem; apache_2_diagnosis; apache_3j_bodysystem; apache_3j_diagnosis; apache_post_operative; arf_apache; bilirubin_apache; bmi; bun_apache; cirrhosis; creatinine_apache; d1_albumin_max; d1_albumin_min; d1_arterial_pco2_max; d1_arterial_pco2_min; d1_arterial_ph_max; d1_arterial_ph_min; d1_arterial_po2_max; d1_arterial_po2_min; d1_bilirubin_max; d1_bilirubin_min; d1_bun_max; d1_bun_min; d1_calcium_max; d1_calcium_min; d1_creatinine_max; d1_creatinine_min; d1_diasbp_invasive_max; d1_diasbp_invasive_min; d1_diasbp_max; d1_diasbp_min; d1_diasbp_noninvasive_max; d1_diasbp_noninvasive_min; d1_glucose_max; d1_glucose_min; d1_hco3_max; d1_hco3_min; d1_heartrate_max; d1_heartrate_min; d1_hemaglobin_max; d1_hemaglobin_min; d1_hematocrit_max; d1_hematocrit_min; d1_inr_max; d1_inr_min; d1_lactate_max; d1_lactate_min; d1_mbp_invasive_max; d1_mbp_invasive_min; d1_mbp_max; d1_mbp_min; d1_mbp_noninvasive_max; d1_mbp_noninvasive_min; d1_pao2fio2ratio_max; d1_pao2fio2ratio_min; d1_platelets_max; d1_platelets_min; d1_potassium_max; d1_potassium_min; d1_resprate_max; d1_resprate_min; d1_sodium_max; d1_sodium_min; d1_spo2_max; d1_spo2_min; d1_sysbp_invasive_max; d1_sysbp_invasive_min; d1_sysbp_max; d1_sysbp_min; d1_sysbp_noninvasive_max; d1_sysbp_noninvasive_min; d1_temp_max; d1_temp_min; d1_wbc_max; d1_wbc_min; diabetes_mellitus; elective_surgery; ethnicity; fio2_apache; gcs_eyes_apache; gcs_motor_apache; gcs_unable_apache; gcs_verbal_apache; gender; glucose_apache; h1_diasbp_max; h1_diasbp_min; h1_diasbp_noninvasive_max; h1_diasbp_noninvasive_min; h1_glucose_max; h1_glucose_min; h1_heartrate_max; h1_heartrate_min; h1_hemaglobin_max; h1_hemaglobin_min; h1_mbp_max; h1_mbp_min; h1_mbp_noninvasive_max; h1_mbp_noninvasive_min; h1_potassium_max; h1_potassium_min; h1_resprate_max; h1_resprate_min; h1_sodium_max; h1_sodium_min; h1_spo2_max; h1_spo2_min; h1_sysbp_max; h1_sysbp_min; h1_sysbp_noninvasive_max; h1_sysbp_noninvasive_min; h1_temp_max; h1_temp_min; heart_rate_apache; height; hematocrit_apache; hepatic_failure; hospital_admit_source; icu_admit_source; icu_stay_type; icu_type; immunosuppression; intubated_apache; leukemia; lymphoma; map_apache; paco2_apache; pao2_apache; ph_apache; pre_icu_los_days; resprate_apache; sodium_apache; solid_tumor_with_metastasis; temp_apache; urineoutput_apache; ventilated_apache; wbc_apache; weight
dropped_features,8,apache_4a_hospital_death_prob; apache_4a_icu_death_prob; encounter_id; h1_inr_max; h1_inr_min; paco2_for_ph_apache; patient_id; readmission_status
baseline_dropped_features,36,h1_albumin_max; h1_albumin_min; h1_arterial_pco2_max; h1_arterial_pco2_min; h1_arterial_ph_max; h1_arterial_ph_min; h1_arterial_po2_max; h1_arterial_po2_min; h1_bilirubin_max; h1_bilirubin_min; h1_bun_max; h1_bun_min; h1_calcium_max; h1_calcium_min; h1_creatinine_max; h1_creatinine_min; h1_diasbp_invasive_max; h1_diasbp_invasive_min; h1_hco3_max; h1_hco3_min; h1_hematocrit_max; h1_hematocrit_min; h1_lactate_max; h1_lactate_min; h1_mbp_invasive_max; h1_mbp_invasive_min; h1_pao2fio2ratio_max; h1_pao2fio2ratio_min; h1_platelets_max; h1_platelets_min; h1_sysbp_invasive_max; h1_sysbp_invasive_min; h1_wbc_max; h1_wbc_min; hospital_id; icu_id
target_features,1,hospital_death
