feature,missing_percent,missingness_level,mean,median,relative_difference_percent,relative_difference_category,skewness,skewness_category,missing_value_treatment_candidate,treatment_reason
h1_bilirubin_min,92.26500059969688,very_extreme,1.0977516210882436,0.6,82.95860351470729,very_large,9.158105598450598,very_strongly_skewed,KEEP — MEDIAN CANDIDATE,Distribution is very strongly skewed; median is more robust to extreme values.
h1_bilirubin_max,92.26500059969688,very_extreme,1.0986115026783196,0.6,83.10191711305328,very_large,9.149274608930341,very_strongly_skewed,KEEP — MEDIAN CANDIDATE,Distribution is very strongly skewed; median is more robust to extreme values.
h1_lactate_max,91.99241110856694,very_extreme,3.068860294117647,2.05,49.700502152080354,significant,2.464702558163932,very_strongly_skewed,KEEP — MEDIAN CANDIDATE,Distribution is very strongly skewed; median is more robust to extreme values.
h1_lactate_min,91.99241110856694,very_extreme,3.0215426879084966,2.0,51.07713439542483,very_large,2.5033049891468284,very_strongly_skewed,KEEP — MEDIAN CANDIDATE,Distribution is very strongly skewed; median is more robust to extreme values.
h1_albumin_min,91.39816601790368,very_extreme,3.0290784636836103,3.1,2.287791494077089,very_small,-0.24743325274304578,approximately_symmetric,KEEP — MEAN CANDIDATE,Distribution is approximately symmetric and mean and median are highly consistent.
h1_albumin_max,91.39816601790368,very_extreme,3.0300798580301684,3.1,2.2554884506397306,very_small,-0.24767537932259615,approximately_symmetric,KEEP — MEAN CANDIDATE,Distribution is approximately symmetric and mean and median are highly consistent.
h1_pao2fio2ratio_max,87.44125696466149,extreme,244.40498172767062,223.3333333,9.435066461559245,small,0.761722478358949,moderately_skewed,KEEP — FURTHER INVESTIGATION,Distribution shows moderate skewness; current indicators do not clearly favor mean or median imputation.
h1_pao2fio2ratio_min,87.44125696466149,extreme,235.93305011669997,214.0,10.249088839579427,noticeable,0.7107040335892995,moderately_skewed,KEEP — FURTHER INVESTIGATION,Distribution shows moderate skewness; current indicators do not clearly favor mean or median imputation.
h1_arterial_ph_min,83.32951708045752,extreme,7.327882529923475,7.34,0.16508814818154216,very_small,-1.0013952049877106,strongly_skewed,KEEP — FURTHER INVESTIGATION,"Distribution is strongly skewed, but mean and median remain relatively similar."
h1_arterial_ph_max,83.32951708045752,extreme,7.338362744456799,7.35,0.15833000739047995,very_small,-0.9966152600080612,moderately_skewed,KEEP — FURTHER INVESTIGATION,Distribution shows moderate skewness; current indicators do not clearly favor mean or median imputation.
h1_hco3_max,82.969698952166,extreme,22.496696331391256,23.0,2.188276820038018,very_small,-0.4583922057315234,approximately_symmetric,KEEP — MEAN CANDIDATE,Distribution is approximately symmetric and mean and median are highly consistent.
h1_hco3_min,82.969698952166,extreme,22.42169793200589,23.0,2.5143568173656905,very_small,-0.45024004053528877,approximately_symmetric,KEEP — MEAN CANDIDATE,Distribution is approximately symmetric and mean and median are highly consistent.
h1_arterial_pco2_min,82.82250062695583,extreme,43.383452773898696,41.0,5.813299448533406,small,1.590903030615158,strongly_skewed,KEEP — FURTHER INVESTIGATION,"Distribution is strongly skewed, but mean and median remain relatively similar."
h1_arterial_pco2_max,82.82250062695583,extreme,44.668443887266726,42.1,6.100816834362766,small,1.5731605727237823,strongly_skewed,KEEP — FURTHER INVESTIGATION,"Distribution is strongly skewed, but mean and median remain relatively similar."
h1_wbc_max,82.81595847916871,extreme,13.46021192893401,12.12,11.0578541991255,noticeable,1.3249022338333991,strongly_skewed,KEEP — MEDIAN CANDIDATE,Distribution is strongly skewed and mean and median differ meaningfully.
h1_wbc_min,82.81595847916871,extreme,13.423474974619289,12.1,10.937809707597433,noticeable,1.330382396250643,strongly_skewed,KEEP — MEDIAN CANDIDATE,Distribution is strongly skewed and mean and median differ meaningfully.
h1_arterial_po2_max,82.80723561545256,extreme,163.84135432521563,120.0,36.534461937679694,significant,1.3298460207030494,strongly_skewed,KEEP — MEDIAN CANDIDATE,Distribution is strongly skewed and mean and median differ meaningfully.
h1_arterial_po2_min,82.80723561545256,extreme,144.15422406139012,107.0,34.72357388914965,significant,1.6576790426492847,strongly_skewed,KEEP — MEDIAN CANDIDATE,Distribution is strongly skewed and mean and median differ meaningfully.
h1_calcium_max,82.71782626236194,extreme,8.283716088328076,8.3,0.19619170689066395,very_small,0.03266032123066671,approximately_symmetric,KEEP — MEAN CANDIDATE,Distribution is approximately symmetric and mean and median are highly consistent.
h1_calcium_min,82.71782626236194,extreme,8.282291798107256,8.3,0.21335183003307256,very_small,0.02356126062251138,approximately_symmetric,KEEP — MEAN CANDIDATE,Distribution is approximately symmetric and mean and median are highly consistent.
h1_platelets_max,82.51065824910319,extreme,196.09600997506234,181.0,8.340337002796876,small,1.1946668343332414,strongly_skewed,KEEP — FURTHER INVESTIGATION,"Distribution is strongly skewed, but mean and median remain relatively similar."
h1_platelets_min,82.51065824910319,extreme,195.48154613466335,181.0,8.000854218046047,small,1.1917251220128193,strongly_skewed,KEEP — FURTHER INVESTIGATION,"Distribution is strongly skewed, but mean and median remain relatively similar."
h1_bun_max,81.87606991375269,extreme,25.84453796173746,18.0,43.580766454096995,significant,2.349970440845469,very_strongly_skewed,KEEP — MEDIAN CANDIDATE,Distribution is very strongly skewed; median is more robust to extreme values.
h1_bun_min,81.87606991375269,extreme,25.81925219588497,18.0,43.44028997713873,significant,2.3522689498598113,very_strongly_skewed,KEEP — MEDIAN CANDIDATE,Distribution is very strongly skewed; median is more robust to extreme values.
h1_creatinine_max,81.72996194650703,extreme,1.5312205418954403,1.01,51.6059942470733,very_large,3.6832490299509963,very_strongly_skewed,KEEP — MEDIAN CANDIDATE,Distribution is very strongly skewed; median is more robust to extreme values.
h1_creatinine_min,81.72996194650703,extreme,1.528784137025543,1.01,51.36476604213297,very_large,3.6833796797188767,very_strongly_skewed,KEEP — MEDIAN CANDIDATE,Distribution is very strongly skewed; median is more robust to extreme values.
h1_diasbp_invasive_min,81.69834156553597,extreme,56.14292523086089,55.0,2.0780458742925263,very_small,0.4378501553892082,approximately_symmetric,KEEP — MEAN CANDIDATE,Distribution is approximately symmetric and mean and median are highly consistent.
h1_diasbp_invasive_max,81.69834156553597,extreme,67.97033065236819,66.0,2.9853494732851367,very_small,0.8676322322454098,moderately_skewed,KEEP — FURTHER INVESTIGATION,Distribution shows moderate skewness; current indicators do not clearly favor mean or median imputation.
h1_sysbp_invasive_min,81.68416691199721,extreme,114.83409929753543,112.0,2.5304458013709206,very_small,0.24128885025365182,approximately_symmetric,KEEP — MEAN CANDIDATE,Distribution is approximately symmetric and mean and median are highly consistent.
h1_sysbp_invasive_max,81.68416691199721,extreme,138.70282176449578,136.0,1.9873689444821916,very_small,0.5872449065574038,moderately_skewed,KEEP — FURTHER INVESTIGATION,Distribution shows moderate skewness; current indicators do not clearly favor mean or median imputation.
h1_mbp_invasive_max,81.60675149651631,extreme,94.88363269903373,90.0,5.426258554481917,small,3.311216787574056,very_strongly_skewed,KEEP — MEDIAN CANDIDATE,Distribution is very strongly skewed; median is more robust to extreme values.
h1_mbp_invasive_min,81.60675149651631,extreme,75.9711304760211,74.0,2.663689832460949,very_small,0.13119523897608512,approximately_symmetric,KEEP — MEAN CANDIDATE,Distribution is approximately symmetric and mean and median are highly consistent.
h1_hematocrit_min,80.05408175504019,extreme,33.22315639862242,33.0,0.6762315109770353,very_small,0.05257269238000625,approximately_symmetric,KEEP — MEAN CANDIDATE,Distribution is approximately symmetric and mean and median are highly consistent.
h1_hematocrit_max,80.05408175504019,extreme,33.67367298966818,33.5,0.5184268348303778,very_small,0.040245305129432155,approximately_symmetric,KEEP — MEAN CANDIDATE,Distribution is approximately symmetric and mean and median are highly consistent.
h1_hemaglobin_max,79.73024543957781,very_high,11.18666487358795,11.1,0.7807646269184789,very_small,0.06709570607380867,approximately_symmetric,KEEP — MEAN CANDIDATE,Distribution is approximately symmetric and mean and median are highly consistent.
h1_hemaglobin_min,79.73024543957781,very_high,11.038961807423345,11.0,0.3541982493031332,very_small,0.08711972315830327,approximately_symmetric,KEEP — MEAN CANDIDATE,Distribution is approximately symmetric and mean and median are highly consistent.
h1_sodium_max,79.17852430953081,very_high,138.2396103896104,139.0,0.5470428851723806,very_small,-0.8776372711805844,moderately_skewed,KEEP — FURTHER INVESTIGATION,Distribution shows moderate skewness; current indicators do not clearly favor mean or median imputation.
h1_sodium_min,79.17852430953081,very_high,137.90194805194807,138.0,0.07105213626951591,very_small,-0.8728799048806789,moderately_skewed,KEEP — FURTHER INVESTIGATION,Distribution shows moderate skewness; current indicators do not clearly favor mean or median imputation.
h1_potassium_max,78.61698995780316,very_high,4.20114425577482,4.1,2.4669330676785504,very_small,0.9469273492541025,moderately_skewed,KEEP — FURTHER INVESTIGATION,Distribution shows moderate skewness; current indicators do not clearly favor mean or median imputation.
h1_potassium_min,78.61698995780316,very_high,4.153006475957371,4.1,1.2928408770090531,very_small,0.9549754853954349,moderately_skewed,KEEP — FURTHER INVESTIGATION,Distribution shows moderate skewness; current indicators do not clearly favor mean or median imputation.
fio2_apache,77.27148822958577,very_high,0.5957514991604702,0.5,19.150299832094042,noticeable,0.4766161749218329,approximately_symmetric,KEEP — FURTHER INVESTIGATION,"Distribution appears approximately symmetric, but the mean-median difference is noticeable."
paco2_apache,77.27148822958577,very_high,42.1832381866155,40.0,5.458095466538744,small,1.377842885530094,strongly_skewed,KEEP — FURTHER INVESTIGATION,"Distribution is strongly skewed, but mean and median remain relatively similar."
pao2_apache,77.27148822958577,very_high,131.14846725833533,103.5,26.713494935589694,significant,2.048364736325369,very_strongly_skewed,KEEP — MEDIAN CANDIDATE,Distribution is very strongly skewed; median is more robust to extreme values.
paco2_for_ph_apache,77.27148822958577,very_high,42.1832381866155,40.0,5.458095466538744,small,1.377842885530094,strongly_skewed,KEEP — FURTHER INVESTIGATION,"Distribution is strongly skewed, but mean and median remain relatively similar."
ph_apache,77.27148822958577,very_high,7.35389478819861,7.36,0.08295124730150072,very_small,-0.8790942825667741,moderately_skewed,KEEP — FURTHER INVESTIGATION,Distribution shows moderate skewness; current indicators do not clearly favor mean or median imputation.
d1_lactate_max,74.57612334129294,very_high,2.9273825963889006,1.9,54.072768230994775,very_large,2.8991276703059907,very_strongly_skewed,KEEP — MEDIAN CANDIDATE,Distribution is very strongly skewed; median is more robust to extreme values.
d1_lactate_min,74.57612334129294,very_high,2.1251280181841574,1.5,41.675201212277166,significant,3.560416032413983,very_strongly_skewed,KEEP — MEDIAN CANDIDATE,Distribution is very strongly skewed; median is more robust to extreme values.
d1_diasbp_invasive_max,74.12689585991082,very_high,78.75700619495133,75.0,5.009341593268441,small,1.5958658389781422,strongly_skewed,KEEP — FURTHER INVESTIGATION,"Distribution is strongly skewed, but mean and median remain relatively similar."
d1_diasbp_invasive_min,74.12689585991082,very_high,46.738252770871085,46.0,1.6048973279806205,very_small,0.17356059884792063,approximately_symmetric,KEEP — MEAN CANDIDATE,Distribution is approximately symmetric and mean and median are highly consistent.
d1_sysbp_invasive_max,74.09963691079781,very_high,154.27431169487244,151.0,2.168418340975124,very_small,1.1300076087883983,strongly_skewed,KEEP — FURTHER INVESTIGATION,"Distribution is strongly skewed, but mean and median remain relatively similar."
d1_sysbp_invasive_min,74.09963691079781,very_high,93.81375768291656,92.0,1.9714757423006082,very_small,0.040075473872497054,approximately_symmetric,KEEP — MEAN CANDIDATE,Distribution is approximately symmetric and mean and median are highly consistent.
d1_mbp_invasive_min,73.90119176125522,very_high,62.318348930481285,62.0,0.5134660169052987,very_small,-0.3010756538033648,approximately_symmetric,KEEP — MEAN CANDIDATE,Distribution is approximately symmetric and mean and median are highly consistent.
d1_mbp_invasive_max,73.90119176125522,very_high,114.8897476604278,101.0,13.752225406364161,noticeable,2.401804405356461,very_strongly_skewed,KEEP — MEDIAN CANDIDATE,Distribution is very strongly skewed; median is more robust to extreme values.
d1_pao2fio2ratio_min,71.97234852201979,very_high,223.52303675338692,205.0,9.035627684578984,small,0.6806032569023106,moderately_skewed,KEEP — FURTHER INVESTIGATION,Distribution shows moderate skewness; current indicators do not clearly favor mean or median imputation.
d1_pao2fio2ratio_max,71.97234852201979,very_high,285.6670789427454,272.6666667,4.767877350057241,very_small,0.7702549358460749,moderately_skewed,KEEP — FURTHER INVESTIGATION,Distribution shows moderate skewness; current indicators do not clearly favor mean or median imputation.
d1_arterial_ph_max,65.55559190082104,high,7.38923615954416,7.392,0.03738961655628749,very_small,-0.6213159649607065,moderately_skewed,KEEP — FURTHER INVESTIGATION,Distribution shows moderate skewness; current indicators do not clearly favor mean or median imputation.
d1_arterial_ph_min,65.55559190082104,high,7.324530060145616,7.34,0.21076212335673097,very_small,-1.0331545140335325,strongly_skewed,KEEP — FURTHER INVESTIGATION,"Distribution is strongly skewed, but mean and median remain relatively similar."
d1_arterial_pco2_min,64.62660691505022,high,38.43386178410702,37.0,3.8753021192081705,very_small,1.2123162186618566,strongly_skewed,KEEP — FURTHER INVESTIGATION,"Distribution is strongly skewed, but mean and median remain relatively similar."
d1_arterial_pco2_max,64.62660691505022,high,45.248924234017636,42.8,5.721785593499157,small,1.5649384000250963,strongly_skewed,KEEP — FURTHER INVESTIGATION,"Distribution is strongly skewed, but mean and median remain relatively similar."
d1_arterial_po2_max,64.61679369336953,high,165.91398030877323,127.0,30.640929376986797,significant,1.457698461761775,strongly_skewed,KEEP — MEDIAN CANDIDATE,Distribution is strongly skewed and mean and median differ meaningfully.
d1_arterial_po2_min,64.61679369336953,high,103.51134941912422,85.0,21.778058140146136,significant,2.7931241862320113,very_strongly_skewed,KEEP — MEDIAN CANDIDATE,Distribution is very strongly skewed; median is more robust to extreme values.
bilirubin_apache,63.38686990939125,high,1.1477208969891897,0.6,91.28681616486494,very_large,8.656250638223566,very_strongly_skewed,KEEP — MEDIAN CANDIDATE,Distribution is very strongly skewed; median is more robust to extreme values.
h1_inr_min,63.17643082223894,high,1.4829792727703424,1.21,22.560270476887805,significant,3.4109458861807167,very_strongly_skewed,KEEP — MEDIAN CANDIDATE,Distribution is very strongly skewed; median is more robust to extreme values.
h1_inr_max,63.17643082223894,high,1.5964762525168779,1.3,22.80586557822137,significant,3.604282653627582,very_strongly_skewed,KEEP — MEDIAN CANDIDATE,Distribution is very strongly skewed; median is more robust to extreme values.
d1_inr_max,63.17643082223894,high,1.5964762525168779,1.3,22.80586557822137,significant,3.604282653627582,very_strongly_skewed,KEEP — MEDIAN CANDIDATE,Distribution is very strongly skewed; median is more robust to extreme values.
d1_inr_min,63.17643082223894,high,1.4829792727703424,1.21,22.560270476887805,significant,3.4109458861807167,very_strongly_skewed,KEEP — MEDIAN CANDIDATE,Distribution is very strongly skewed; median is more robust to extreme values.
albumin_apache,59.292575752619584,high,2.9029678041463542,2.9,0.10233807401221848,very_small,-0.10672123477895122,approximately_symmetric,KEEP — MEAN CANDIDATE,Distribution is approximately symmetric and mean and median are highly consistent.
d1_bilirubin_min,58.522783029668645,high,1.067814931650894,0.6,77.96915527514902,very_large,8.961084118043232,very_strongly_skewed,KEEP — MEDIAN CANDIDATE,Distribution is very strongly skewed; median is more robust to extreme values.
d1_bilirubin_max,58.522783029668645,high,1.137308359621451,0.6,89.55139327024185,very_large,8.709534369511415,very_strongly_skewed,KEEP — MEDIAN CANDIDATE,Distribution is very strongly skewed; median is more robust to extreme values.
h1_glucose_max,57.36809394524223,high,167.98511701066522,140.0,19.989369293332302,noticeable,2.4900682845516324,very_strongly_skewed,KEEP — MEDIAN CANDIDATE,Distribution is very strongly skewed; median is more robust to extreme values.
h1_glucose_min,57.36809394524223,high,159.22274226962327,134.0,18.82294199225617,noticeable,2.5032751560785163,very_strongly_skewed,KEEP — MEDIAN CANDIDATE,Distribution is very strongly skewed; median is more robust to extreme values.
d1_albumin_min,53.53221462606174,high,2.900007039444353,2.9,0.00024273946045542616,very_small,-0.20176976552119158,approximately_symmetric,KEEP — MEAN CANDIDATE,Distribution is approximately symmetric and mean and median are highly consistent.
d1_albumin_max,53.53221462606174,high,2.9683318863364385,3.0,1.0556037887853829,very_small,-0.1970476733518518,approximately_symmetric,KEEP — MEAN CANDIDATE,Distribution is approximately symmetric and mean and median are highly consistent.
urineoutput_apache,53.4253595455388,high,1738.2768306148191,1386.2016,25.398558955264445,significant,1.727689298769697,strongly_skewed,KEEP — MEDIAN CANDIDATE,Distribution is strongly skewed and mean and median differ meaningfully.
